x0,x1,x2,x3,x4,x5,x6,x7,x8,x9,x10,x11,x12,x13,x14,x15,x16,x17,x18,x19,x20,y0,y1,y2,y3,y4,y5,y6,y7,y8,y9,y10,y11,y12,y13,y14,y15,y16,y17,y18,y19,y20,label
0.0,-0.28917956352233887,-0.5107586979866028,-0.589625895023346,-0.6459595561027527,-0.2591349482536316,-0.2591349482536316,-0.20280125737190247,0.03004463016986847,-0.045066945254802704,-0.3417576849460602,-0.46193620562553406,-0.45442503690719604,-0.3492688238620758,-0.13895641267299652,-0.07886715233325958,-0.03755578771233559,0.27791282534599304,0.15022315084934235,0.10515620559453964,0.1276896744966507,0.0,-0.18777893483638763,-0.5107586979866028,-1.01400625705719,-0.7999383211135864,-1.0515620708465576,-0.706048846244812,-0.5558256506919861,-0.8337385058403015,-0.9989839792251587,-0.8187161684036255,-1.0402953624725342,-0.792427122592926,-0.6196705102920532,-0.860027551651001,-0.7210711240768433,-0.5633368492126465,-0.7999383211135864,-0.9576725959777832,-0.7736492156982422,-0.6422039866447449,ROCK
0.0,-0.2949134111404419,-0.5217698812484741,-0.6087315678596497,-0.6654456853866577,-0.27222776412963867,-0.27222776412963867,-0.21551364660263062,0.018904706463217735,-0.06049505993723869,-0.325160950422287,-0.4574939012527466,-0.45371294021606445,-0.3478465974330902,-0.12855200469493866,-0.09074258804321289,-0.04915223643183708,0.27222776412963867,0.13989482820034027,0.09452353417873383,0.11342823505401611,0.0,-0.18904706835746765,-0.5104270577430725,-1.0095113515853882,-0.8053404688835144,-1.0511016845703125,-0.7145978808403015,-0.555798351764679,-0.8129023909568787,-0.9981684684753418,-0.816683292388916,-1.0246350765228271,-0.7713119983673096,-0.6200743913650513,-0.854492723941803,-0.707036018371582,-0.5482364892959595,-0.7902167439460754,-0.9452353119850159,-0.7561882734298706,-0.6238552927970886,ROCK
0.0,-0.30109715461730957,-0.5374012589454651,-0.6364965438842773,-0.6898555159568787,-0.27060630917549133,-0.26679494976997375,-0.20962460339069366,0.030490851029753685,-0.05335899069905281,-0.34302207827568054,-0.4802309274673462,-0.47260820865631104,-0.3544561564922333,-0.14102019369602203,-0.0914725586771965,-0.04954763501882553,0.2782290279865265,0.14102019369602203,0.09528391063213348,0.11434069275856018,0.0,-0.182945117354393,-0.510721743106842,-1.0290662050247192,-0.8118188977241516,-1.0519343614578247,-0.6936668753623962,-0.5374012589454651,-0.8346870541572571,-0.9985753893852234,-0.8232529759407043,-1.040500283241272,-0.7813280820846558,-0.6174397468566895,-0.8651779294013977,-0.705100953578949,-0.5412126183509827,-0.8041962385177612,-0.9566504955291748,-0.7584599256515503,-0.621251106262207,ROCK
0.0,-0.30241355299949646,-0.5359227061271667,-0.6431072950363159,-0.6928715109825134,-0.2641333341598511,-0.2564772963523865,-0.20671305060386658,0.038280196487903595,-0.042108215391635895,-0.34452176094055176,-0.47467440366744995,-0.47084638476371765,-0.35217779874801636,-0.137808695435524,-0.08804444968700409,-0.045936234295368195,0.2832734286785126,0.14929276704788208,0.10335652530193329,0.12249662727117538,0.0,-0.18374493718147278,-0.512954592704773,-1.0335652828216553,-0.8115401268005371,-1.0488773584365845,-0.6928715109825134,-0.5359227061271667,-0.8345082402229309,-0.9991130828857422,-0.8268522024154663,-1.0450493097305298,-0.7847440242767334,-0.6201391816139221,-0.8727884292602539,-0.7043555974960327,-0.5435787439346313,-0.8077121376991272,-0.9531768560409546,-0.7541198134422302,-0.6201391816139221,ROCK
0.0,-0.2976367771625519,-0.5312251448631287,-0.6216464042663574,-0.6743921637535095,-0.27126389741897583,-0.26749634742736816,-0.21475058794021606,0.0263728778809309,-0.056513309478759766,-0.3466149866580963,-0.4784793555736542,-0.4671767055988312,-0.35415008664131165,-0.14316704869270325,-0.09418885409832001,-0.04897820204496384,0.2750314474105835,0.13939949870109558,0.09418885409832001,0.11302661895751953,0.0,-0.1808425933122635,-0.5086197853088379,-1.0247746706008911,-0.8024890422821045,-1.047379970550537,-0.6969975233078003,-0.5462953448295593,-0.8288618922233582,-0.9984018206596375,-0.8213267922401428,-1.0398448705673218,-0.7836512327194214,-0.6216464042663574,-0.8627699017524719,-0.7083001732826233,-0.550062894821167,-0.8024890422821045,-0.9531911611557007,-0.7610459327697754,-0.6291815042495728,ROCK
0.0,-0.2955300807952881,-0.5199832916259766,-0.5985419154167175,-0.6546552181243896,-0.2618620991706848,-0.25812119245529175,-0.2057487815618515,0.026186209172010422,-0.04863153025507927,-0.34790247678756714,-0.46386998891830444,-0.45264732837677,-0.34790247678756714,-0.14215371012687683,-0.08229951560497284,-0.04114975780248642,0.2768256366252899,0.14963547885417938,0.10474483668804169,0.12344926595687866,0.0,-0.18330346047878265,-0.5087606310844421,-1.0175212621688843,-0.7968088984489441,-1.0474483966827393,-0.7032867670059204,-0.5536512732505798,-0.8342177867889404,-0.9988167881965637,-0.822995126247406,-1.03622567653656,-0.7855862379074097,-0.6209872364997864,-0.8678857684135437,-0.7145094275474548,-0.5573921799659729,-0.8042907118797302,-0.9576670527458191,-0.7668818235397339,-0.6359508037567139,ROCK
0.0,-0.296738862991333,-0.5183539390563965,-0.5972338914871216,-0.6535767316818237,-0.25917696952819824,-0.2554207742214203,-0.20283415913581848,0.030049504712224007,-0.04131806641817093,-0.3493254780769348,-0.45825493335723877,-0.4469863772392273,-0.35308167338371277,-0.1389789581298828,-0.07512375712394714,-0.03756187856197357,0.2817141115665436,0.157759889960289,0.11268564313650131,0.1314665824174881,0.0,-0.1840532124042511,-0.5108415484428406,-1.0179269313812256,-0.8000680208206177,-1.0517326593399048,-0.7061633467674255,-0.5596719980239868,-0.8376299142837524,-0.9991459846496582,-0.826361358165741,-1.036707878112793,-0.7850432991981506,-0.6197710037231445,-0.8714356422424316,-0.7136757373809814,-0.5596719980239868,-0.8075804114341736,-0.9540717601776123,-0.7662623524665833,-0.6347957849502563,ROCK
0.0,-0.29298266768455505,-0.522110104560852,-0.6085024476051331,-0.6610890626907349,-0.2554207742214203,-0.2554207742214203,-0.19907796382904053,0.030049504712224007,-0.04131806641817093,-0.34556928277015686,-0.45074257254600525,-0.4394739866256714,-0.3493254780769348,-0.13522276282310486,-0.07136756926774979,-0.033805690705776215,0.28547027707099915,0.16151608526706696,0.11644183099269867,0.13522276282310486,0.0,-0.1840532124042511,-0.5145977735519409,-1.0291955471038818,-0.8113366365432739,-1.0517326593399048,-0.7136757373809814,-0.5671843886375427,-0.8376299142837524,-0.9991459846496582,-0.8301175236701965,-1.0329517126083374,-0.7850432991981506,-0.6347957849502563,-0.8751918077468872,-0.717431902885437,-0.5671843886375427,-0.8075804114341736,-0.9540717601776123,-0.7662623524665833,-0.6423081755638123,ROCK
0.0,-0.2930260896682739,-0.518430769443512,-0.6123493909835815,-0.6649438142776489,-0.25170189142227173,-0.25170189142227173,-0.19910746812820435,0.033810704946517944,-0.03756744787096977,-0.3418637812137604,-0.44705262780189514,-0.4395391345024109,-0.34937727451324463,-0.13148607313632965,-0.06762140989303589,-0.030053958296775818,0.2855125963687897,0.1652967780828476,0.12021583318710327,0.1389995515346527,0.0,-0.18783724308013916,-0.518430769443512,-1.0331047773361206,-0.8189703822135925,-1.0518885850906372,-0.7175382375717163,-0.5710251927375793,-0.8377540707588196,-0.999294102191925,-0.833997368812561,-1.0331047773361206,-0.7851596474647522,-0.62737637758255,-0.8753215670585632,-0.7175382375717163,-0.5635117292404175,-0.8077001571655273,-0.950456440448761,-0.7663759589195251,-0.6424033641815186,ROCK
0.0,-0.29644083976745605,-0.5168712139129639,-0.6080837845802307,-0.6612911224365234,-0.24703402817249298,-0.24703402817249298,-0.19382670521736145,0.03420471027493477,-0.030404187738895416,-0.33824658393859863,-0.4446612596511841,-0.4370602071285248,-0.3420471251010895,-0.12921780347824097,-0.06080837547779083,-0.022803140804171562,0.2926402986049652,0.1748240888118744,0.13301832973957062,0.14822041988372803,0.0,-0.18622565269470215,-0.5130707025527954,-1.0223407745361328,-0.8095115423202515,-1.0489444732666016,-0.7182989716529846,-0.5700785517692566,-0.832314670085907,-0.9995377063751221,-0.8247135877609253,-1.0261414051055908,-0.7791073322296143,-0.6270864009857178,-0.8703199028968811,-0.7182989716529846,-0.5624774694442749,-0.8057109713554382,-0.9539313912391663,-0.7677057385444641,-0.6422885060310364,ROCK
0.0,-0.2964044213294983,-0.5244078636169434,-0.6194092631340027,-0.6688100099563599,-0.2546038031578064,-0.25080373883247375,-0.20140300691127777,0.030400454998016357,-0.0342005118727684,-0.33440500497817993,-0.4484066963195801,-0.4408065974712372,-0.3382050693035126,-0.12920193374156952,-0.0684010237455368,-0.026600398123264313,0.2888043224811554,0.16720250248908997,0.12160181999206543,0.14060209691524506,0.0,-0.18240272998809814,-0.5092076063156128,-1.0222152471542358,-0.8094121217727661,-1.0488157272338867,-0.714410662651062,-0.5662084817886353,-0.8284123539924622,-0.9994149208068848,-0.8208122849464417,-1.026015281677246,-0.7752115726470947,-0.627009391784668,-0.8664129376411438,-0.714410662651062,-0.55860835313797,-0.8018119931221008,-0.9576143026351929,-0.7676115036010742,-0.6384095549583435,ROCK
0.0,-0.21592436730861664,-0.3520506024360657,-0.25347644090652466,-0.4083787202835083,-0.7275712490081787,-0.6477731466293335,-0.41307270526885986,0.1689842939376831,-0.6759371757507324,0.12204421311616898,-0.6196090579032898,-0.6149150729179382,-0.47409480810165405,0.19245433807373047,-0.6336910724639893,-0.4365427494049072,0.08449214696884155,-0.6055270433425903,-0.5867510437965393,-0.42246073484420776,0.0,-0.553892970085144,-1.1312559843063354,-1.8541332483291626,-1.5114706754684448,-1.0890098810195923,-0.8918615579605103,-0.7698173522949219,-0.6055270433425903,-0.7369592785835266,-1.3988144397735596,-1.4551424980163574,-1.2016661167144775,-1.0796219110488892,-1.0561518669128418,-0.5679749846458435,-0.46470680832862854,-0.32388657331466675,-0.4271547496318817,-0.31449854373931885,-0.22531239688396454,ROCK
0.0,-0.1937965452671051,-0.2990003824234009,-0.18825949728488922,-0.359907865524292,-0.6312230229377747,-0.5703155398368835,-0.34329673647880554,0.2879262864589691,-0.6035377979278564,0.24362994730472565,-0.531556248664856,-0.5647785067558289,-0.43742647767066956,0.2990003824234009,-0.5869266986846924,-0.3931301236152649,0.132889062166214,-0.5647785067558289,-0.5592414736747742,-0.40420421957969666,0.0,-0.6533712148666382,-1.3012053966522217,-2.048706293106079,-1.7220207452774048,-1.2126126289367676,-1.0077420473098755,-0.813945472240448,-0.6810564398765564,-0.7973343729972839,-1.6334279775619507,-1.6666502952575684,-1.3455016613006592,-1.1849274635314941,-1.2181496620178223,-0.5980007648468018,-0.43742647767066956,-0.3322226405143738,-0.4595746695995331,-0.2990003824234009,-0.1661113202571869,ROCK
0.0,-0.24480469524860382,-0.35297420620918274,-0.13094204664230347,-0.3643604815006256,-0.6547102332115173,-0.5806995034217834,-0.31312230229377747,0.3472810983657837,-0.5806995034217834,0.24480469524860382,-0.5408475995063782,-0.5408475995063782,-0.4212917983531952,0.37005361914634705,-0.5351544618606567,-0.30742916464805603,0.2846566140651703,-0.4725300073623657,-0.4668368697166443,-0.2732703685760498,0.0,-0.6831759214401245,-1.3720449209213257,-2.203242301940918,-1.8104161024093628,-1.241102933883667,-0.9849119186401367,-0.8482767343521118,-0.7059484124183655,-0.814117968082428,-1.6510084867477417,-1.6567015647888184,-1.3435792922973633,-1.224023461341858,-1.2467960119247437,-0.5863926410675049,-0.4725300073623657,-0.38713300228118896,-0.4383712112903595,-0.2903497517108917,-0.1821802407503128,ROCK
0.0,-0.26114800572395325,-0.3460211157798767,-0.17627491056919098,-0.2937915027141571,-0.6398126482963562,-0.5810543298721313,-0.3460211157798767,0.36560720205307007,-0.5288246870040894,0.13710270822048187,-0.5875830054283142,-0.6071690917015076,-0.4700664281845093,0.2937915027141571,-0.509238600730896,-0.32643499970436096,0.31337761878967285,-0.37866461277008057,-0.37866461277008057,-0.20891840755939484,0.0,-0.763857901096344,-1.52118718624115,-2.36991810798645,-2.0565404891967773,-1.2861539125442505,-1.181694746017456,-1.0837641954421997,-0.9531902074813843,-0.8487310409545898,-1.8476221561431885,-1.7366342544555664,-1.442842721939087,-1.2600390911102295,-1.4036705493927002,-0.6789848208427429,-0.5875830054283142,-0.43089422583580017,-0.46353772282600403,-0.3199063241481781,-0.2285045087337494,ROCK
0.0,-0.21039338409900665,-0.31258445978164673,-0.21640461683273315,-0.34264063835144043,-0.5830902457237244,-0.547022819519043,-0.3606743812561035,0.32460692524909973,-0.5109553337097168,0.18634842336177826,-0.5229778289794922,-0.5770789980888367,-0.4748879075050354,0.28853949904441833,-0.5109553337097168,-0.34264063835144043,0.22241586446762085,-0.4147755205631256,-0.4328092336654663,-0.29455074667930603,0.0,-0.6311801671981812,-1.2864052057266235,-2.0378100872039795,-1.7432594299316406,-1.2443265914916992,-1.1060680150985718,-0.9437646269798279,-0.7934836149215698,-0.8596072793006897,-1.647079586982727,-1.6410683393478394,-1.3465176820755005,-1.1902254819869995,-1.2623603343963623,-0.6732588410377502,-0.5410115718841553,-0.4087642729282379,-0.5229778289794922,-0.3666855990886688,-0.25848329067230225,ROCK
0.0,-0.156855970621109,-0.1736619770526886,-0.02240799553692341,-0.11764197796583176,-0.32491594552993774,-0.22968196868896484,-0.10643798112869263,0.3193139433860779,-0.24648796021938324,0.24088595807552338,-0.2352839559316635,-0.30810993909835815,-0.2520899474620819,0.34172195196151733,-0.17926396429538727,-0.11203998327255249,0.2800999581813812,-0.07282599061727524,-0.11203998327255249,-0.056019991636276245,0.0,-0.6498318910598755,-1.3052657842636108,-1.9999136924743652,-1.843057632446289,-1.3108677864074707,-1.2884597778320312,-1.154011845588684,-0.9523398280143738,-0.9691458344459534,-1.5573557615280151,-1.5293457508087158,-1.299663782119751,-1.1708178520202637,-1.221235752105713,-0.7898818850517273,-0.6834439039230347,-0.49857792258262634,-0.6386278867721558,-0.5209859013557434,-0.4257519245147705,ROCK
0.0,-0.04490910843014717,-0.03929546847939491,-0.011227277107536793,0.028068192303180695,-0.06736365705728531,0.033681828528642654,0.07859093695878983,0.22454553842544556,-0.03929546847939491,0.16840915381908417,0.05613638460636139,-0.022454554215073586,-0.1515682339668274,0.25261372327804565,0.10104548931121826,0.08981821686029434,0.18525005877017975,0.1627955138683319,0.12911368906497955,0.11227276921272278,0.0,-0.6062729358673096,-1.1957049369812012,-1.6728641986846924,-1.7514551877975464,-1.3641141653060913,-1.4258641004562378,-1.2855231761932373,-1.0272958278656006,-0.9992276430130005,-1.3360459804534912,-1.2855231761932373,-1.1115003824234009,-0.9599321484565735,-1.0104548931121826,-0.6960911750793457,-0.5950456857681274,-0.39295467734336853,-0.4771592617034912,-0.3424319326877594,-0.24138644337654114,ROCK
0.0,0.0,0.07556536048650742,0.17272081971168518,0.19431091845035553,-0.10795050859451294,0.248286172747612,0.2968639135360718,0.27527379989624023,-0.05397525429725647,0.3400441110134125,0.3400441110134125,0.2428886443376541,-0.03778268024325371,0.4210070073604584,0.43180203437805176,0.35623669624328613,0.17272081971168518,0.4587896764278412,0.4533921480178833,0.3778267800807953,0.0,-0.6531006097793579,-1.2414308786392212,-1.5706799030303955,-1.8621463775634766,-1.3925615549087524,-1.592270016670227,-1.4195492267608643,-1.1604679822921753,-0.9985422492027283,-1.2630209922790527,-1.1226853132247925,-1.009337306022644,-0.7016783356666565,-0.8851941823959351,-0.6746907234191895,-0.5829327702522278,-0.26987627148628235,-0.39941689372062683,-0.2968639135360718,-0.21590101718902588,ROCK
0.0,-0.023525748401880264,0.064695805311203,0.194087415933609,0.20585030317306519,-0.10586586594581604,0.2764275372028351,0.36464908719062805,0.3352419137954712,-0.017644310370087624,0.347004771232605,0.41758203506469727,0.36464908719062805,0.03528862074017525,0.452870637178421,0.5528550744056702,0.49404069781303406,0.24113892018795013,0.5528550744056702,0.5881437063217163,0.5352107882499695,0.0,-0.7175353169441223,-1.3174419403076172,-1.6115137338638306,-1.9173485040664673,-1.4291892051696777,-1.7114981412887573,-1.5644623041152954,-1.2703903913497925,-0.9998443126678467,-1.299797534942627,-1.1880502700805664,-1.1174730062484741,-0.64695805311203,-0.8586897850036621,-0.7057724595069885,-0.6410766243934631,-0.18232454359531403,-0.3117161691188812,-0.23525747656822205,-0.17056167125701904,ROCK
0.0,-0.053231146186590195,0.023658286780118942,0.13012057542800903,0.14786429703235626,-0.07688943296670914,0.3785325884819031,0.41993460059165955,0.30755773186683655,0.029572859406471252,0.4081054627895355,0.4021908938884735,0.31347230076789856,0.06506028771400452,0.5204823017120361,0.585542619228363,0.48499488830566406,0.2957285940647125,0.668346643447876,0.656517505645752,0.555969774723053,0.0,-0.6269446015357971,-1.2184017896652222,-1.602849006652832,-1.9518086910247803,-1.354436993598938,-1.579190731048584,-1.413582682609558,-1.2716329097747803,-0.999562680721283,-1.313035011291504,-1.165170669555664,-1.0468791723251343,-0.674261212348938,-0.9877334833145142,-0.7452360391616821,-0.6506029367446899,-0.36078888177871704,-0.5086531639099121,-0.3903617560863495,-0.30755773186683655,ROCK
0.0,-0.03508711978793144,0.05847853049635887,0.15789203345775604,0.16958773136138916,-0.09356565028429031,0.4210454225540161,0.47367608547210693,0.3391754627227783,0.005847853142768145,0.4327411353588104,0.4327411353588104,0.35087117552757263,0.05847853049635887,0.5263067483901978,0.6315681338310242,0.5263067483901978,0.2573055326938629,0.684198796749115,0.6958945393562317,0.5964810252189636,0.0,-0.6198723912239075,-1.2046576738357544,-1.5847681760787964,-1.9590307474136353,-1.3450062274932861,-1.5672246217727661,-1.3917890787124634,-1.2806798219680786,-0.9999828934669495,-1.3099191188812256,-1.14617919921875,-1.023374319076538,-0.6549595594406128,-0.9941350221633911,-0.7368294596672058,-0.6432638168334961,-0.37426260113716125,-0.5263067483901978,-0.40350186824798584,-0.3157840669155121,ROCK
0.0,-0.09149322658777237,-0.05082957074046135,-0.0050829569809138775,-0.010165913961827755,-0.03049774281680584,0.2897285521030426,0.31006038188934326,0.21348419785499573,0.0864102691411972,0.3659729063510895,0.35580700635910034,0.2998944818973541,0.1728205382823944,0.47271502017974854,0.5082957148551941,0.437134325504303,0.34055814146995544,0.5947059988975525,0.5743741393089294,0.5032127499580383,0.0,-0.5235446095466614,-1.0572550296783447,-1.4384769201278687,-1.7383713722229004,-1.260573387145996,-1.504555344581604,-1.3469836711883545,-1.209743857383728,-0.9962596297264099,-1.240241527557373,-1.0775868892669678,-0.9555959701538086,-0.6557014584541321,-0.9505130052566528,-0.7471947073936462,-0.6455355882644653,-0.4320513606071472,-0.5743741393089294,-0.4523831903934479,-0.3659729063510895,ROCK
0.0,-0.09246780723333359,-0.01631784811615944,0.05983211100101471,0.11966422200202942,0.11422494053840637,0.4568997621536255,0.48953545093536377,0.34811410307884216,0.25020700693130493,0.42970335483551025,0.4786568880081177,0.4351426362991333,0.2665248513221741,0.5493675470352173,0.6799103617668152,0.6200782656669617,0.4460211992263794,0.7451817393302917,0.7397424578666687,0.6853496432304382,0.0,-0.5602461695671082,-1.1041744947433472,-1.4849241971969604,-1.7895240783691406,-1.2673529386520386,-1.5284384489059448,-1.3924564123153687,-1.191202998161316,-0.9681923389434814,-1.2727922201156616,-1.1368101835250854,-1.022585153579712,-0.7288638949394226,-0.9790709018707275,-0.7669388651847839,-0.6744710803031921,-0.3916283845901489,-0.5384889841079712,-0.42970335483551025,-0.34811410307884216,ROCK
0.0,-0.06681089848279953,-0.01027860026806593,0.056532301008701324,0.07195020467042923,-0.035975102335214615,0.32891520857810974,0.37002959847450256,0.282661497592926,0.07708950340747833,0.39572611451148987,0.4162833094596863,0.37002959847450256,0.14390040934085846,0.4882335066795349,0.565322995185852,0.5087907314300537,0.31863659620285034,0.6167160272598267,0.6269946098327637,0.5704622864723206,0.0,-0.4830942153930664,-1.0021635293960571,-1.4081681966781616,-1.7062475681304932,-1.2539892196655273,-1.4852577447891235,-1.3208000659942627,-1.1460639238357544,-0.9970242381095886,-1.197456955909729,-1.0278600454330444,-0.9147953987121582,-0.6783875823020935,-0.9147953987121582,-0.7195020318031311,-0.6218553185462952,-0.4368405044078827,-0.565322995185852,-0.4317012131214142,-0.34947240352630615,ROCK
0.0,-0.057769253849983215,0.057769253849983215,0.17855951189994812,0.23632876574993134,0.13654550909996033,0.5041680335998535,0.5409302711486816,0.409636527299881,0.2573357820510864,0.5094197988510132,0.5566855669021606,0.5146715641021729,0.2625875174999237,0.6144548058509827,0.740496814250946,0.682727575302124,0.4463987946510315,0.7772590517997742,0.7877625823020935,0.7352450489997864,0.0,-0.47790929675102234,-0.9873290657997131,-1.3759585618972778,-1.6648049354553223,-1.234161376953125,-1.465238332748413,-1.3181893825531006,-1.1133711338043213,-0.9663220643997192,-1.1763920783996582,-1.0398465394973755,-0.9295598268508911,-0.7142380475997925,-0.9085528254508972,-0.7247415781021118,-0.6354618072509766,-0.4043847918510437,-0.5356785655021667,-0.4253917932510376,-0.3466155230998993,ROCK
0.0,-0.08037486672401428,0.03444636985659599,0.2009371668100357,0.2468656599521637,0.2468656599521637,0.5396597981452942,0.5798472166061401,0.40761539340019226,0.3674279451370239,0.4478028118610382,0.5741061568260193,0.5511419177055359,0.3387226462364197,0.5798472166061401,0.7750433683395386,0.7348558902740479,0.49947237968444824,0.798007607460022,0.8037486672401428,0.7635611891746521,0.0,-0.5798472166061401,-1.1252480745315552,-1.4811939001083374,-1.7338006496429443,-1.2572925090789795,-1.486935019493103,-1.3893369436264038,-1.1252480745315552,-0.9300519824028015,-1.2228461503982544,-1.1424713134765625,-1.0678374767303467,-0.8267129063606262,-0.9185698628425598,-0.7405969500541687,-0.6831863522529602,-0.3387226462364197,-0.45354387164115906,-0.3731690049171448,-0.3157584071159363,ROCK
0.0,-0.06313201785087585,0.0757584199309349,0.2462148517370224,0.32828646898269653,0.13889043033123016,0.4924297034740448,0.5808145403862,0.4924297034740448,0.25884124636650085,0.542935311794281,0.6502597332000732,0.6502597332000732,0.3661656975746155,0.6628861427307129,0.7954633831977844,0.776523768901825,0.48611652851104736,0.7891501784324646,0.8270294070243835,0.8080897927284241,0.0,-0.5997541546821594,-1.1742554903030396,-1.5593607425689697,-1.8813340663909912,-1.2942062616348267,-1.6414324045181274,-1.5593607425689697,-1.3383986949920654,-0.9659198522567749,-1.2689534425735474,-1.1679422855377197,-1.1426894664764404,-0.6565729379653931,-0.8838481903076172,-0.776523768901825,-0.7449578046798706,-0.2777808606624603,-0.3977316915988922,-0.33459967374801636,-0.3030336797237396,ROCK
0.0,-0.04190940409898758,0.12572821974754333,0.33527523279190063,0.36521053314208984,0.22750820219516754,0.6166669726371765,0.6705504655838013,0.5029128789901733,0.3412623107433319,0.5867316722869873,0.6765375137329102,0.6525893211364746,0.37718465924263,0.7064728140830994,0.8681234121322632,0.8262140154838562,0.5029128789901733,0.880097508430481,0.9100328087806702,0.8681234121322632,0.0,-0.604692816734314,-1.1674762964248657,-1.5266997814178467,-1.8200656175613403,-1.2752432823181152,-1.5626220703125,-1.4728162288665771,-1.1974115371704102,-0.9399681091308594,-1.2632691860198975,-1.1914244890213013,-1.1435281038284302,-0.796278715133667,-0.9399681091308594,-0.796278715133667,-0.7603563666343689,-0.3173140585422516,-0.46100345253944397,-0.40113288164138794,-0.35922348499298096,ROCK
0.0,-0.045253388583660126,0.10747679322957993,0.2998036742210388,0.32808706164360046,0.2602069675922394,0.582637369632721,0.6165773868560791,0.4808172285556793,0.3733404278755188,0.576980710029602,0.6392040848731995,0.5939506888389587,0.384653776884079,0.6901141405105591,0.8089042901992798,0.7523375749588013,0.5260705947875977,0.8485010266304016,0.8541576862335205,0.8032476305961609,0.0,-0.5713239908218384,-1.1087080240249634,-1.4707350730895996,-1.7252854108810425,-1.2331547737121582,-1.5046751499176025,-1.4085116386413574,-1.1256779432296753,-0.9276944398880005,-1.2388114929199219,-1.1596180200576782,-1.091737985610962,-0.797590970993042,-0.944664478302002,-0.7862775921821594,-0.7353675365447998,-0.3507137596607208,-0.5034439563751221,-0.4299071729183197,-0.3733404278755188,ROCK
0.0,-0.09978325664997101,0.005251750349998474,0.15755251049995422,0.1628042608499527,0.1207902580499649,0.4306435286998749,0.45690229535102844,0.341363787651062,0.2573357820510864,0.4674057960510254,0.49891629815101624,0.45690229535102844,0.3203567862510681,0.5881960391998291,0.666972279548645,0.6144548058509827,0.47265753149986267,0.7352450489997864,0.7194898128509521,0.6617205739021301,0.0,-0.5461820363998413,-1.0608536005020142,-1.4127209186553955,-1.654301404953003,-1.2499165534973145,-1.4914971590042114,-1.3602033853530884,-1.102867603302002,-0.9663220643997192,-1.2079025506973267,-1.0976158380508423,-0.9978325963020325,-0.7247415781021118,-0.9138045907020569,-0.7457485795021057,-0.666972279548645,-0.3833777904510498,-0.5199232697486877,-0.41488829255104065,-0.341363787651062,ROCK
0.0,-0.04658648744225502,0.1164662167429924,0.3552219569683075,0.37851521372795105,0.09899628162384033,0.5532145500183105,0.6230942606925964,0.5240979790687561,0.2329324334859848,0.6230942606925964,0.6871506571769714,0.6580341458320618,0.3552219569683075,0.7453837990760803,0.8676733374595642,0.8152635097503662,0.48915809392929077,0.8793199062347412,0.9142597913742065,0.8676733374595642,0.0,-0.6522108316421509,-1.2461885213851929,-1.6014105081558228,-1.9449858665466309,-1.3277149200439453,-1.659643530845642,-1.54900062084198,-1.3160682916641235,-0.9724929332733154,-1.3277149200439453,-1.234541893005371,-1.1821321249008179,-0.6696807146072388,-0.9491996765136719,-0.8036168813705444,-0.7570304274559021,-0.2795189321041107,-0.44839492440223694,-0.37851521372795105,-0.32610541582107544,ROCK
0.0,-0.05117851123213768,0.1649085432291031,0.4378606081008911,0.4890390932559967,0.21608704328536987,0.5970826148986816,0.602769136428833,0.5800231099128723,0.3753090798854828,0.7392451763153076,0.7221856713294983,0.6198286414146423,0.4378606081008911,0.8700346946716309,0.8700346946716309,0.7790506482124329,0.665320634841919,0.9780781865119934,0.9496456980705261,0.8757212162017822,0.0,-0.5686501264572144,-1.1145542860031128,-1.450057864189148,-1.705950379371643,-1.2225977182388306,-1.5808473825454712,-1.4614307880401611,-1.205538272857666,-0.9268997311592102,-1.3135818243026733,-1.1486732959747314,-1.1088677644729614,-0.665320634841919,-0.9496456980705261,-0.7961101531982422,-0.7506181597709656,-0.3070710599422455,-0.47197961807250977,-0.40942808985710144,-0.36393606662750244,ROCK
0.0,-0.054725244641304016,0.19153836369514465,0.5746150612831116,0.6088183522224426,0.38991737365722656,0.8550819754600525,0.9645324945449829,0.7866753935813904,0.5404118299484253,0.8208786845207214,0.9234885573387146,0.9234885573387146,0.6156589984893799,0.9576917886734009,1.1834334135055542,1.1834334135055542,0.718268871307373,1.1287082433700562,1.2107961177825928,1.2176367044448853,0.0,-0.7387908101081848,-1.4160157442092896,-1.8401364088058472,-2.236894369125366,-1.2586807012557983,-1.682801365852356,-1.6417573690414429,-1.3202465772628784,-0.841400682926178,-1.429697036743164,-1.374971866607666,-1.3818124532699585,-0.9098072052001953,-0.9782137870788574,-0.8345600366592407,-0.8277193307876587,-0.11629115045070648,-0.30782949924468994,-0.30782949924468994,-0.29414820671081543,ROCK
0.0,0.0,0.1460764855146408,0.2746237814426422,0.2863098978996277,0.08764588832855225,0.6894810199737549,0.7362254858016968,0.5959920883178711,0.15776260197162628,0.7654407620429993,0.7888129949569702,0.677794873714447,0.21619319915771484,0.84724360704422,0.9056742191314697,0.7829699516296387,0.39732804894447327,0.9173603057861328,0.9115172624588013,0.7888129949569702,0.0,-0.6135212182998657,-1.238728642463684,-1.7003302574157715,-2.132716655731201,-1.3614327907562256,-1.6126843690872192,-1.4315495491027832,-1.2737869024276733,-0.9874770641326904,-1.2445716857910156,-1.0809659957885742,-0.9816339612007141,-0.5784628987312317,-0.8764589428901672,-0.701167106628418,-0.6252073645591736,-0.2570946216583252,-0.4207002818584442,-0.34474050998687744,-0.28046685457229614,ROCK
0.0,0.12467622756958008,0.28291913866996765,0.4028001129627228,0.35005247592926025,-0.05754287168383598,0.5514525175094604,0.5802239775657654,0.4459572732448578,-0.07192859053611755,0.6233811378479004,0.5946096777915955,0.4363667964935303,-0.06233811378479004,0.6185858845710754,0.6281763911247253,0.47472870349884033,0.0671333521604538,0.6042001843452454,0.5994049310684204,0.4555477499961853,0.0,-0.5994049310684204,-1.165243148803711,-1.496114730834961,-1.8269861936569214,-1.376233696937561,-1.486524224281311,-1.241966962814331,-1.0405669212341309,-0.9974098205566406,-1.117290735244751,-0.9063002467155457,-0.7864192724227905,-0.6185858845710754,-0.7576478123664856,-0.5418620705604553,-0.45075249671936035,-0.26373815536499023,-0.35005247592926025,-0.2349667251110077,-0.15824289619922638,ROCK
0.0,0.1232222467660904,0.20331671833992004,0.2526056170463562,0.11706113815307617,0.00616111233830452,0.24028338491916656,0.25876671075820923,0.26492783427238464,-0.0616111233830452,0.26492783427238464,0.25876671075820923,0.12938335537910461,-0.10473891347646713,0.2526056170463562,0.1909944862127304,0.0924166887998581,-0.03696667402982712,0.17251114547252655,0.13554447889328003,0.04928889870643616,0.0,-0.6469168066978455,-1.2137391567230225,-1.558761477470398,-1.836011528968811,-1.3554447889328003,-1.564922571182251,-1.3862502574920654,-1.1706113815307617,-0.998100221157074,-1.1706113815307617,-1.035066843032837,-0.9241668581962585,-0.6037890315055847,-0.7763001918792725,-0.6222723722457886,-0.5236945748329163,-0.2464444935321808,-0.36350563168525696,-0.25876671075820923,-0.16635003685951233,ROCK
0.0,0.026191135868430138,-0.06984302401542664,-0.13095568120479584,-0.3841366469860077,-0.15714681148529053,-0.15714681148529053,-0.18333794176578522,-0.043651893734931946,-0.2095290869474411,-0.1484164297580719,-0.22698983550071716,-0.37540626525878906,-0.3230240046977997,-0.08730378746986389,-0.2706417441368103,-0.36667588353157043,-0.07857340574264526,-0.15714681148529053,-0.27937209606170654,-0.3841366469860077,0.0,-0.7333517670631409,-1.3881301879882812,-1.8333795070648193,-2.1127514839172363,-1.4230517148971558,-1.7809971570968628,-1.6413111686706543,-1.3619390726089478,-0.9778023958206177,-1.2833656072616577,-1.2135225534439087,-1.0651061534881592,-0.5412834882736206,-0.7595429420471191,-0.6547783613204956,-0.5238227248191833,-0.052382271736860275,-0.22698983550071716,-0.12222529947757721,0.0,ROCK
0.0,-0.07059907168149948,-0.24268431961536407,-0.4235944449901581,-0.4235944449901581,-0.6221543550491333,-0.705990731716156,-0.6662787795066833,-0.21179722249507904,-0.6662787795066833,-0.12796081602573395,-0.5427303910255432,-0.6442165374755859,-0.661866307258606,-0.13678570091724396,-0.7545276284217834,-0.7280529737472534,-0.2735714018344879,-0.697165846824646,-0.7765898108482361,-0.7721773982048035,0.0,-0.4412442147731781,-0.8957257270812988,-1.3987441062927246,-1.1648846864700317,-1.0457488298416138,-0.9266128540039062,-0.8427764773368835,-0.5559676885604858,-0.7457027435302734,-1.0457488298416138,-1.2310713529586792,-1.0589860677719116,-0.9839745759963989,-0.8074769377708435,-0.5956797003746033,-0.5118432641029358,-0.29122117161750793,-0.4280068874359131,-0.348582923412323,-0.2735714018344879,ROCK
0.0,-0.07299269735813141,-0.24817518889904022,-0.3540146052837372,-0.4562043845653534,-0.7262773513793945,-0.6824817657470703,-0.5583941340446472,-0.22992700338363647,-0.7664233446121216,-0.08759123831987381,-0.6058394312858582,-0.6277372241020203,-0.5510948896408081,-0.14598539471626282,-0.7481752038002014,-0.6350364685058594,-0.3467153310775757,-0.7919707894325256,-0.7883211970329285,-0.7043795585632324,0.0,-0.3540146052837372,-0.7518247961997986,-1.3029197454452515,-1.0437955856323242,-0.8905109763145447,-0.7080292105674744,-0.5656934380531311,-0.4124087691307068,-0.6423357725143433,-0.959854006767273,-1.127737283706665,-0.9343065619468689,-0.8211678862571716,-0.7335766553878784,-0.485401451587677,-0.37226277589797974,-0.24817518889904022,-0.40875911712646484,-0.30656933784484863,-0.21897810697555542,ROCK
0.0,-0.04306361824274063,-0.20455218851566315,-0.34450894594192505,-0.4306361675262451,-0.6674860715866089,-0.6495428681373596,-0.552649736404419,-0.2978566884994507,-0.7213155627250671,-0.1399567574262619,-0.5418838262557983,-0.5562384128570557,-0.5454725027084351,-0.21531808376312256,-0.7213155627250671,-0.6351883411407471,-0.38398391008377075,-0.7679678201675415,-0.7715564966201782,-0.7105497121810913,0.0,-0.2906794250011444,-0.6315997242927551,-1.0801790952682495,-0.8792155385017395,-0.8899814486503601,-0.7213155627250671,-0.5741815567016602,-0.48446568846702576,-0.692606508731842,-0.9115132093429565,-1.0586472749710083,-0.8648609519004822,-0.7572019100189209,-0.7284928560256958,-0.5095861554145813,-0.39474982023239136,-0.3373316824436188,-0.48446568846702576,-0.3588634729385376,-0.2619703412055969,ROCK
0.0,-0.07892004400491714,-0.23676012456417084,-0.37956783175468445,-0.41714879870414734,-0.5637145638465881,-0.5674726963043213,-0.5035850405693054,-0.2517925202846527,-0.5787469744682312,-0.13529150187969208,-0.4359392821788788,-0.46224597096443176,-0.5148593187332153,-0.16535627841949463,-0.5825050473213196,-0.5374079346656799,-0.27058300375938416,-0.5749889016151428,-0.6050536632537842,-0.5825050473213196,0.0,-0.3044058680534363,-0.6576670408248901,-1.0560253858566284,-0.8793947696685791,-0.9996538758277893,-0.8267813920974731,-0.7290708422660828,-0.6426346302032471,-0.8155071139335632,-0.9282500147819519,-1.0823320150375366,-0.9132176637649536,-0.8530880808830261,-0.7892004251480103,-0.6125698685646057,-0.5261335968971252,-0.47727835178375244,-0.5862631797790527,-0.47727835178375244,-0.40587449073791504,ROCK
0.0,-0.042795777320861816,-0.1747494339942932,-0.3067030906677246,-0.335233598947525,-0.6062735319137573,-0.5920082926750183,-0.5135493278503418,-0.2639073133468628,-0.6419366598129272,-0.11412207782268524,-0.452921986579895,-0.4743198752403259,-0.5278146266937256,-0.1604841649532318,-0.6241050958633423,-0.5706104040145874,-0.3138357102870941,-0.6419366598129272,-0.6526356339454651,-0.6098398566246033,0.0,-0.3281009793281555,-0.7132629752159119,-1.1697512865066528,-0.9878692030906677,-0.9629049897193909,-0.7917218804359436,-0.691865086555481,-0.5991408824920654,-0.7667576670646667,-0.9343745112419128,-1.0627617835998535,-0.895145058631897,-0.8416503071784973,-0.7703239917755127,-0.5670440793037415,-0.48145249485969543,-0.4315240979194641,-0.5313808917999268,-0.42795777320861816,-0.35663148760795593,ROCK
0.0,-0.3470645248889923,-0.6393293738365173,-0.8037284016609192,-0.821994960308075,-0.4140419065952301,-0.3805532157421112,-0.31662026047706604,-0.09437719732522964,-0.16439898312091827,-0.517552375793457,-0.6301960945129395,-0.5784409046173096,-0.46275269985198975,-0.2922648787498474,-0.1796211153268814,-0.14004358649253845,0.19179882109165192,0.05479966104030609,0.036533109843730927,0.06393294036388397,0.0,-0.1004660502076149,-0.36533108353614807,-0.7976395487785339,-0.6119295358657837,-1.0198825597763062,-0.6454182267189026,-0.49928581714630127,-0.8615724444389343,-0.986393928527832,-0.8128616809844971,-0.9650829434394836,-0.691084623336792,-0.5236412286758423,-0.8950611352920532,-0.6606403589248657,-0.5114635229110718,-0.8676612973213196,-0.9437719583511353,-0.7184844613075256,-0.5906186103820801,ROCK
0.0,-0.23916763067245483,-0.4989531636238098,-0.6638963222503662,-0.6350312829017639,-0.9607940912246704,-0.9814119935035706,-0.8783224821090698,-0.26390910148620605,-0.8618281483650208,-0.41648155450820923,-0.9649176597595215,-1.0020298957824707,-0.8577045798301697,-0.31751564145088196,-0.8824460506439209,-0.8040980696678162,-0.23916763067245483,-0.7298735976219177,-0.7381207942962646,-0.6556491851806641,0.0,-0.3133920729160309,-0.6927614212036133,-1.1669731140136719,-0.9566705226898193,-0.7381207942962646,-0.5896719098091125,-0.5443125367164612,-0.5814247727394104,-0.507200300693512,-1.0061534643173218,-0.9484233260154724,-0.7669858336448669,-0.6927614212036133,-0.7958508729934692,-0.3546278476715088,-0.3257628083229065,-0.30514490604400635,-0.259785532951355,-0.1773139238357544,-0.15669603645801544,ROCK
0.0,-0.13119478523731232,-0.36078566312789917,-0.5648664236068726,-0.5174905061721802,-0.7981016039848328,-1.0131152868270874,-1.0386253595352173,-0.4591817557811737,-0.8017458915710449,-0.47011464834213257,-0.8163231015205383,-0.9548065066337585,-0.9001420140266418,-0.42638304829597473,-0.9693836569786072,-0.998538076877594,-0.41545015573501587,-0.7981016039848328,-0.8928533792495728,-0.9220077991485596,0.0,-0.3425641655921936,-0.7179270386695862,-1.1187999248504639,-0.932940661907196,-0.8564103841781616,-0.7179270386695862,-0.6341081261634827,-0.4919804334640503,-0.5976651310920715,-0.8928533792495728,-0.9876051545143127,-0.838188886642456,-0.7944573163986206,-0.681484043598175,-0.40816155076026917,-0.34620845317840576,-0.25510096549987793,-0.2878996729850769,-0.19679217040538788,-0.14577198028564453,ROCK
0.0,-0.22354541718959808,-0.3073749542236328,-0.2724459767341614,-0.3178536295890808,-0.059379253536462784,-0.06287214905023575,-0.02794317714869976,0.07335083931684494,0.04540766403079033,-0.09780111908912659,-0.10478691756725311,-0.10129401832818985,-0.09081532806158066,-0.00349289714358747,0.024450279772281647,0.0384218692779541,0.18512354791164398,0.10827980935573578,0.06636504828929901,0.04890055954456329,0.0,-0.20957383513450623,-0.5099629759788513,-0.8662384748458862,-0.7404941916465759,-1.0164331197738647,-1.02341890335083,-1.0513620376586914,-0.77891606092453,-0.9989686012268066,-0.8068592548370361,-1.0094473361968994,-1.0024614334106445,-1.065333604812622,-0.8243237137794495,-0.995475709438324,-1.0164331197738647,-0.7335084080696106,-0.9500680565834045,-0.9570538401603699,-0.9675325155258179,ROCK
0.0,-0.2365664690732956,-0.3374550938606262,-0.32006052136421204,-0.3548496961593628,-0.06609944999217987,-0.06262053549289703,-0.03131026774644852,0.07305728644132614,0.055662695318460464,-0.14263565838336945,-0.13219889998435974,-0.1182832345366478,-0.11480431258678436,-0.03131026774644852,0.04174702242016792,0.048704858869314194,0.20177727937698364,0.1495935022830963,0.10784647613763809,0.08349404484033585,0.0,-0.1669880896806717,-0.4348648190498352,-0.7549253106117249,-0.6366420984268188,-0.9984496235847473,-0.984533965587616,-0.9984496235847473,-0.7966723442077637,-0.9984496235847473,-0.789714515209198,-0.9706182479858398,-0.9462658762931824,-0.9880128502845764,-0.8314615488052368,-0.9810550212860107,-0.9880128502845764,-0.768841028213501,-0.9740971922874451,-0.9671393632888794,-0.9671393632888794,ROCK
0.0,-0.27599644660949707,-0.4177243709564209,-0.4363727867603302,-0.4736695885658264,-0.13426855206489563,-0.08205299824476242,-0.04848586395382881,0.007459363900125027,0.029837455600500107,-0.26853710412979126,-0.23124027252197266,-0.19021376967430115,-0.17156536877155304,-0.12307950109243393,0.07086395472288132,0.07086395472288132,0.19394345581531525,0.19021376967430115,0.17529504001140594,0.15291695296764374,0.0,-0.13053886592388153,-0.3543197810649872,-0.6153975129127502,-0.5370742082595825,-0.9846360087394714,-0.9883657097816467,-1.0144734382629395,-0.8317190408706665,-0.9995547533035278,-0.7869628667831421,-0.9324204325675964,-0.9137720465660095,-0.9920953512191772,-0.857826828956604,-0.9958250522613525,-1.0144734382629395,-0.8130706548690796,-0.9958250522613525,-0.9846360087394714,-0.9920953512191772,ROCK
0.0,-0.2703239917755127,-0.40192911028862,-0.3734739422798157,-0.44105494022369385,-0.12093441933393478,-0.06758099794387817,-0.021341368556022644,0.028455158695578575,0.032012052834033966,-0.2276412695646286,-0.2098567932844162,-0.1671740561723709,-0.13516199588775635,-0.09247926622629166,0.04979652538895607,0.06402410566806793,0.19562920928001404,0.15294647216796875,0.12449131906032562,0.10670684278011322,0.0,-0.17073094844818115,-0.4446118474006653,-0.7860737442970276,-0.6651393175125122,-1.0066012144088745,-0.8998943567276001,-0.8643254637718201,-0.8429840803146362,-0.9994874596595764,-0.818085789680481,-0.9710322618484497,-0.8714392185211182,-0.8500978350639343,-0.8714392185211182,-0.892780601978302,-0.8572116494178772,-0.8074151277542114,-0.981702983379364,-0.9034512639045715,-0.8643254637718201,ROCK
0.0,-0.31854456663131714,-0.47964757680892944,-0.4650018513202667,-0.5272461771965027,-0.15744157135486603,-0.10252009332180023,-0.054921478033065796,0.03295288607478142,0.029291456565260887,-0.274607390165329,-0.2709459662437439,-0.23067021369934082,-0.17208729684352875,-0.10252009332180023,0.06590577214956284,0.08055150508880615,0.2526388168334961,0.20870162546634674,0.18673303723335266,0.16842587292194366,0.0,-0.1647644340991974,-0.4283875524997711,-0.7579163908958435,-0.6517348885536194,-1.0032323598861694,-0.9776023626327515,-0.9812637567520142,-0.8311450481414795,-0.999570906162262,-0.834806501865387,-0.9776023626327515,-0.9263423085212708,-0.9812637567520142,-0.8824051022529602,-0.9629566073417664,-0.9592951536178589,-0.801853597164154,-0.9849252104759216,-0.9483108520507812,-0.9373266100883484,ROCK
0.0,-0.3320758640766144,-0.5017232894897461,-0.5089423656463623,-0.5594756007194519,-0.17686648666858673,-0.12633320689201355,-0.0830189660191536,0.021657120436429977,0.018047600984573364,-0.3068092167377472,-0.29598066210746765,-0.2598854601383209,-0.20935216546058655,-0.12272368371486664,0.05053328350186348,0.057752322405576706,0.2490568906068802,0.20935216546058655,0.18408553302288055,0.16242840886116028,0.0,-0.15159983932971954,-0.4114852845668793,-0.7435611486434937,-0.646104097366333,-1.0034465789794922,-0.9673513770103455,-0.9709609150886536,-0.8518467545509338,-0.9998371005058289,-0.8374086618423462,-0.9745704531669617,-0.9168181419372559,-0.9529133439064026,-0.8879419565200806,-0.960132360458374,-0.9565228223800659,-0.812142014503479,-0.9890085458755493,-0.9529133439064026,-0.942084789276123,ROCK
0.0,-0.279720276594162,-0.4300699234008789,-0.4755244851112366,-0.49300700426101685,-0.15734265744686127,-0.12937062978744507,-0.0979020968079567,0.017482517287135124,0.0,-0.251748263835907,-0.2482517510652542,-0.2237762212753296,-0.20279720425605774,-0.10839160531759262,0.024475524201989174,0.0279720276594162,0.19230769574642181,0.15734265744686127,0.13636364042758942,0.11538461595773697,0.0,-0.11888112127780914,-0.33916082978248596,-0.6153846383094788,-0.5279720425605774,-0.9930070042610168,-1.006993055343628,-1.0384615659713745,-0.8181818127632141,-1.0,-0.7762237787246704,-0.9545454382896423,-0.9475524425506592,-1.0,-0.8321678042411804,-1.0104894638061523,-1.0314685106277466,-0.7727272510528564,-0.9755244851112366,-0.9790209531784058,-0.9930070042610168,ROCK
0.0,-0.3258802592754364,-0.5745783448219299,-0.6303210258483887,-0.6946395039558411,-0.7675337791442871,-0.720366895198822,-0.5574267506599426,0.11148535460233688,-0.6088815331459045,-0.16722802817821503,-0.7675337791442871,-0.7803974747657776,-0.6817758083343506,0.004287898074835539,-0.6045936346054077,-0.48024460673332214,0.14150063693523407,-0.42878982424736023,-0.46309301257133484,-0.360183447599411,0.0,-0.3730471432209015,-0.8661554455757141,-1.5436433553695679,-1.264930009841919,-1.0376713275909424,-0.7932611703872681,-0.720366895198822,-0.8232764601707458,-0.7932611703872681,-1.3335363864898682,-1.24349045753479,-0.9819287061691284,-0.8961707353591919,-1.1277172565460205,-0.5617146492004395,-0.5059719681739807,-0.5917299389839172,-0.5445630550384521,-0.4116382300853729,-0.36875924468040466,ROCK
0.0,-0.34807223081588745,-0.6151276230812073,-0.7801619172096252,-0.7681593894958496,-0.3360697329044342,-0.3870803415775299,-0.34807223081588745,0.06901431828737259,-0.08701805770397186,-0.4020834267139435,-0.5431126952171326,-0.5611164569854736,-0.5101058483123779,-0.1680348664522171,-0.16203363239765167,-0.13802863657474518,0.2940610349178314,0.12902677059173584,0.0720149427652359,0.08401743322610855,0.0,-0.15003113448619843,-0.46209588646888733,-0.9571986198425293,-0.7501556873321533,-1.0742229223251343,-0.7501556873321533,-0.6211289167404175,-0.8761818408966064,-0.9962067604064941,-0.9061880707740784,-1.0652210712432861,-0.8131687641143799,-0.6931438446044922,-0.9241917729377747,-0.705146312713623,-0.5761195421218872,-0.7981656193733215,-0.8881843090057373,-0.7111476063728333,-0.6091263890266418,ROCK
0.0,-0.3199954330921173,-0.5765435099601746,-0.7006796598434448,-0.7392998337745667,-0.31723687052726746,-0.34206411242485046,-0.303443968296051,0.03862014040350914,-0.09103319048881531,-0.3393055200576782,-0.50757896900177,-0.518613338470459,-0.41930437088012695,-0.1268947422504425,-0.15448056161403656,-0.12137757986783981,0.28137531876564026,0.10758467763662338,0.04965446516871452,0.06896453350782394,0.0,-0.13517048954963684,-0.4330972731113434,-0.9324005246162415,-0.7117140293121338,-1.0703295469284058,-0.7117140293121338,-0.5599920153617859,-0.811022937297821,-0.9958478808403015,-0.8220572471618652,-1.0289509296417236,-0.7641270756721497,-0.6124050617218018,-0.8496431112289429,-0.6648181080818176,-0.5158547163009644,-0.772402822971344,-0.8827460408210754,-0.673093855381012,-0.5517162680625916,ROCK
0.0,-0.3533517122268677,-0.6190502643585205,-0.7368341684341431,-0.7614866495132446,-0.32596009969711304,-0.31774261593818665,-0.2684377431869507,-0.002739160554483533,-0.0766964927315712,-0.451961487531662,-0.5505712628364563,-0.5286579728126526,-0.4273090362548828,-0.2136545181274414,-0.1068272590637207,-0.08217481523752213,0.26295942068099976,0.15065382421016693,0.1150447428226471,0.12600138783454895,0.0,-0.1451755166053772,-0.4355265200138092,-0.8655747175216675,-0.7067034244537354,-1.0490984916687012,-0.6984859704971313,-0.5670062303543091,-0.8820096850395203,-0.9970544576644897,-0.8518789410591125,-0.9997935891151428,-0.7450516819953918,-0.5752237439155579,-0.9011838436126709,-0.6820510029792786,-0.5478321313858032,-0.8409222960472107,-0.9203579425811768,-0.7258775234222412,-0.6108328104019165,ROCK
0.0,-0.3450146019458771,-0.603074312210083,-0.7124691605567932,-0.7489341497421265,-0.3085496425628662,-0.31976962089538574,-0.2664746940135956,0.0,-0.053294938057661057,-0.4487994909286499,-0.5385593771934509,-0.5077044367790222,-0.403919517993927,-0.21317975223064423,-0.10097987949848175,-0.06731992214918137,0.2833046615123749,0.157079815864563,0.1234198585152626,0.1402498334646225,0.0,-0.12622486054897308,-0.40952953696250916,-0.8583289980888367,-0.6619792580604553,-1.0378488302230835,-0.6900292038917542,-0.5441693663597107,-0.8639389872550964,-0.9985788464546204,-0.8302790522575378,-1.0069938898086548,-0.7433241605758667,-0.5946593284606934,-0.89198899269104,-0.6984441876411438,-0.5497793555259705,-0.8414990305900574,-0.9508938789367676,-0.7489341497421265,-0.6255142688751221,ROCK
0.0,-0.34928467869758606,-0.6063582301139832,-0.6985693573951721,-0.7404835224151611,-0.3269304633140564,-0.3353132903575897,-0.28222203254699707,-0.019559942185878754,-0.06985693424940109,-0.4750271737575531,-0.5532669425010681,-0.5225299000740051,-0.42193588614463806,-0.23751358687877655,-0.1089768186211586,-0.08103404939174652,0.26825064420700073,0.1480967104434967,0.11456537246704102,0.13133104145526886,0.0,-0.12853676080703735,-0.4051702320575714,-0.8215175867080688,-0.6482723951339722,-1.0310883522033691,-0.6901865601539612,-0.5448840856552124,-0.8801974058151245,-0.9975570440292358,-0.8354889750480652,-0.9975570440292358,-0.7376892566680908,-0.5840039849281311,-0.8997573256492615,-0.6985693573951721,-0.5504726767539978,-0.8494603633880615,-0.9556428790092468,-0.7544549107551575,-0.6315066814422607,ROCK
0.0,-0.36373186111450195,-0.6476201415061951,-0.7540782690048218,-0.7925214767456055,-0.35190317034721375,-0.3607746958732605,-0.3105027973651886,-0.02661452628672123,-0.08280074596405029,-0.49089014530181885,-0.6091769337654114,-0.585519552230835,-0.4435754418373108,-0.24544507265090942,-0.1389869749546051,-0.10350093245506287,0.27501678466796875,0.1389869749546051,0.09758659452199936,0.11532961577177048,0.0,-0.10941527783870697,-0.36373186111450195,-0.7806927561759949,-0.5707337260246277,-1.0409237146377563,-0.6771918535232544,-0.532290518283844,-0.8250502943992615,-0.9965661764144897,-0.7777355909347534,-0.9936090111732483,-0.7363352179527283,-0.579605221748352,-0.8457505106925964,-0.6919776797294617,-0.5411620140075684,-0.8132216334342957,-0.9344655871391296,-0.7304208874702454,-0.6062197685241699,ROCK
0.0,-0.36855968832969666,-0.6511220932006836,-0.7279053926467896,-0.7862606644630432,-0.3962016701698303,-0.3931303322315216,-0.3378463685512543,-0.08906859159469604,-0.12592455744743347,-0.5651248693466187,-0.6511220932006836,-0.6081234812736511,-0.4914129078388214,-0.31634706258773804,-0.15356653928756714,-0.11978189647197723,0.22420714795589447,0.11056790500879288,0.08599726110696793,0.10442524403333664,0.0,-0.08906859159469604,-0.32248973846435547,-0.6849067807197571,-0.5036982297897339,-1.022753119468689,-0.6726214289665222,-0.5374828577041626,-0.8569012880325317,-0.9920397996902466,-0.795474648475647,-0.9705405235290527,-0.7186914086341858,-0.5651248693466187,-0.8784005641937256,-0.6971920728683472,-0.5589821934700012,-0.8538299202919006,-0.9490411877632141,-0.7463333606719971,-0.6296228170394897,ROCK
0.0,-0.32073378562927246,-0.5854169726371765,-0.6819485425949097,-0.7099738121032715,-0.35498690605163574,-0.35498690605163574,-0.3238477110862732,-0.049822721630334854,-0.11521504819393158,-0.4764297902584076,-0.5854169726371765,-0.5729613304138184,-0.48888546228408813,-0.258455365896225,-0.1525820940732956,-0.12767072021961212,0.21797440946102142,0.11832896620035172,0.0809619277715683,0.09341760724782944,0.0,-0.06227840483188629,-0.27402496337890625,-0.6258979439735413,-0.45463234186172485,-1.030707597732544,-0.7068598866462708,-0.5698474049568176,-0.831416666507721,-0.9933405518531799,-0.7566825747489929,-0.9715430736541748,-0.7348851561546326,-0.5760752558708191,-0.831416666507721,-0.7130877375602722,-0.5760752558708191,-0.8002774715423584,-0.9248343110084534,-0.7255433797836304,-0.6103283762931824,ROCK
0.0,-0.3207966387271881,-0.5844215750694275,-0.6765314936637878,-0.7114697694778442,-0.3493824601173401,-0.3525586724281311,-0.3207966387271881,-0.047643061727285385,-0.10799094289541245,-0.47960683703422546,-0.5780691504478455,-0.5653643608093262,-0.49231165647506714,-0.25727254152297974,-0.13975298404693604,-0.1175195574760437,0.22233429551124573,0.13022437691688538,0.09528612345457077,0.10481473803520203,0.0,-0.06034788116812706,-0.2636249363422394,-0.6003025770187378,-0.42561137676239014,-1.035442590713501,-0.7114697694778442,-0.5748929381370544,-0.8289893269538879,-0.9941518902778625,-0.7622889876365662,-0.968742311000824,-0.7273507714271545,-0.5685405731201172,-0.8416941165924072,-0.7114697694778442,-0.5748929381370544,-0.8099320530891418,-0.9242753982543945,-0.7209983468055725,-0.6066550016403198,ROCK
0.0,-0.44882163405418396,-0.8378003835678101,-1.0397701263427734,-1.0210691690444946,-0.5610270500183105,-0.5498064756393433,-0.5236252546310425,-0.08976432681083679,-0.21693046391010284,-0.7929182052612305,-0.8826825618743896,-0.8378003835678101,-0.8078789710998535,-0.4563019871711731,-0.24685190618038177,-0.23937153816223145,0.22441081702709198,0.10098487138748169,0.06358306854963303,0.0673232451081276,0.0,-0.02992144227027893,-0.21319027245044708,-0.38523855805397034,-0.32913586497306824,-1.0248093605041504,-0.6059092283248901,-0.49370381236076355,-1.215558648109436,-0.9761870503425598,-1.163196086883545,-1.0248093605041504,-0.6807128190994263,-0.5049243569374084,-1.2454800605773926,-0.6021690368652344,-0.5049243569374084,-1.0958728790283203,-0.9051236510276794,-0.6208699345588684,-0.5311055779457092,ROCK
0.0,-0.5010074973106384,-0.9163727164268494,-1.0362719297409058,-1.0576825141906738,-0.8050376772880554,-0.7622165679931641,-0.6551636457443237,-0.004282115492969751,-0.4710327088832855,-0.6551636457443237,-1.0191434621810913,-1.0020149946212769,-0.9335011839866638,-0.31687653064727783,-0.47959694266319275,-0.4025188386440277,0.23123423755168915,-0.1541561633348465,-0.22267000377178192,-0.17984884977340698,0.0,-0.17984884977340698,-0.5181359648704529,-0.9292190670967102,-0.7750629186630249,-1.0833752155303955,-0.6808563470840454,-0.5952140688896179,-1.177581787109375,-0.8821157813072205,-1.4216623306274414,-1.2460956573486328,-0.8992442488670349,-0.6808563470840454,-1.3360199928283691,-0.5138538479804993,-0.4624684751033783,-0.8992442488670349,-0.6423172950744629,-0.38110828399658203,-0.32972288131713867,ROCK
0.0,-0.22363443672657013,-0.44726887345314026,-0.5338370203971863,-0.595156192779541,-0.8656817078590393,-0.7935415506362915,-0.6204051971435547,-0.028856055811047554,-0.7899345755577087,-0.11903123557567596,-0.7935415506362915,-0.81879061460495,-0.6745103001594543,-0.05771211162209511,-0.7538644671440125,-0.6167982220649719,-0.11181721836328506,-0.6745103001594543,-0.6636893153190613,-0.5446580648422241,0.0,-0.38234275579452515,-0.8332186341285706,-1.4500168561935425,-1.1542422771453857,-0.8837167024612427,-0.7069733738899231,-0.6312262415885925,-0.5374440550804138,-0.6131911873817444,-1.1434212923049927,-1.1614562273025513,-0.9630708694458008,-0.8801097273826599,-0.8945377469062805,-0.47612494230270386,-0.4220198392868042,-0.31741660833358765,-0.364307701587677,-0.2849535644054413,-0.24888348579406738,ROCK
0.0,-0.22965022921562195,-0.47876232862472534,-0.626672625541687,-0.6617040038108826,-0.8913542628288269,-0.8368609547615051,-0.6850582957267761,-0.046708520501852036,-0.8173990845680237,-0.10120179504156113,-0.809614360332489,-0.8602152466773987,-0.7356591820716858,-0.04281614348292351,-0.809614360332489,-0.6928430199623108,-0.12844842672348022,-0.712304949760437,-0.7317668199539185,-0.6305649876594543,0.0,-0.41259193420410156,-0.8796771168708801,-1.4868879318237305,-1.1793900728225708,-0.8796771168708801,-0.7006278038024902,-0.6500269174575806,-0.49433183670043945,-0.5760717391967773,-1.1132197380065918,-1.1638206243515015,-0.9769865274429321,-0.9147084951400757,-0.8407533764839172,-0.4437309503555298,-0.4009147882461548,-0.2491120994091034,-0.28414350748062134,-0.2218654751777649,-0.19072645902633667,ROCK
0.0,-0.19053460657596588,-0.3886905908584595,-0.4915792644023895,-0.5830358862876892,-0.8345415592193604,-0.781191885471344,-0.6249535083770752,-0.015242768451571465,-0.7926239371299744,0.019053461030125618,-0.7011673450469971,-0.7583277225494385,-0.6401962637901306,0.04191761091351509,-0.785002589225769,-0.6630604267120361,-0.12575283646583557,-0.7316528558731079,-0.7468956708908081,-0.6401962637901306,0.0,-0.4839578866958618,-0.9717264771461487,-1.5585730075836182,-1.2460962533950806,-0.9298088550567627,-0.7430849671363831,-0.6706817746162415,-0.46490442752838135,-0.6097107529640198,-1.1317754983901978,-1.2079893350601196,-0.9984013438224792,-0.9374302625656128,-0.8345415592193604,-0.4610937535762787,-0.3886905908584595,-0.24007360637187958,-0.3124767541885376,-0.24007360637187958,-0.19053460657596588,ROCK
0.0,-0.1556248962879181,-0.3530028164386749,-0.4478960633277893,-0.5465850234031677,-0.8806092143058777,-0.7743287682533264,-0.5883380770683289,-0.09109750390052795,-0.8654263019561768,0.0,-0.7287800312042236,-0.7515544295310974,-0.6035209894180298,-0.011387187987565994,-0.7971031665802002,-0.6452739834785461,-0.22774375975131989,-0.8084903359413147,-0.7781245112419128,-0.6452739834785461,0.0,-0.46687471866607666,-0.9261579513549805,-1.4879258871078491,-1.1766761541366577,-0.8160818219184875,-0.6414782404899597,-0.5541765093803406,-0.32263699173927307,-0.5010362863540649,-1.0020725727081299,-1.1311273574829102,-0.9413408637046814,-0.8768134713172913,-0.6984142065048218,-0.38336867094039917,-0.3036583364009857,-0.11007615178823471,-0.22774375975131989,-0.16701209545135498,-0.10628042370080948,ROCK
0.0,-0.1720043122768402,-0.39524394273757935,-0.5452902913093567,-0.6404415965080261,-0.8746602535247803,-0.7721895575523376,-0.5928659439086914,-0.168344646692276,-0.8673409223556519,-0.06221432611346245,-0.7648702263832092,-0.7941475510597229,-0.5818869471549988,-0.08051265776157379,-0.8014668822288513,-0.6587399244308472,-0.2927733063697815,-0.8197652101516724,-0.7831685543060303,-0.6623995900154114,0.0,-0.4647776186466217,-0.9112569093704224,-1.4968035221099854,-1.1491352319717407,-0.8161055445671082,-0.6660592555999756,-0.5782272815704346,-0.2598363161087036,-0.4977146089076996,-0.9734712243080139,-1.1418159008026123,-0.9771308898925781,-0.9258955717086792,-0.6806979179382324,-0.4208616018295288,-0.3440086245536804,-0.07319332659244537,-0.23787830770015717,-0.19762197136878967,-0.14638665318489075,ROCK
0.0,-0.19067449867725372,-0.46425092220306396,-0.692231297492981,-0.7129567861557007,-0.9243567585945129,-0.8497450351715088,-0.7005215287208557,-0.20725488662719727,-0.911921501159668,-0.10777253657579422,-0.8082940578460693,-0.8538901209831238,-0.7088117003440857,-0.11606273055076599,-0.8663253784179688,-0.7378273606300354,-0.31917253136634827,-0.8704705238342285,-0.8704705238342285,-0.7751332521438599,0.0,-0.5098469853401184,-0.9906783103942871,-1.5792821645736694,-1.2228038311004639,-0.7958587408065796,-0.6549254059791565,-0.5968940854072571,-0.227980375289917,-0.41036465764045715,-0.9658077359199524,-1.1937881708145142,-1.0611449480056763,-0.9740979671478271,-0.6341999173164368,-0.3606235086917877,-0.3067372143268585,0.049741171300411224,-0.09119214862585068,-0.058031365275382996,-0.01658038981258869,ROCK
0.0,-0.18114973604679108,-0.46934252977371216,-0.7369500994682312,-0.7328330278396606,-0.9386850595474243,-0.8686953783035278,-0.7287160158157349,-0.2593734860420227,-0.930450975894928,-0.14409638941287994,-0.815173864364624,-0.8604612946510315,-0.7287160158157349,-0.16056454181671143,-0.8851635456085205,-0.7616523504257202,-0.36229947209358215,-0.8975146412849426,-0.8975146412849426,-0.8110567927360535,0.0,-0.5105128884315491,-0.9798554182052612,-1.5356557369232178,-1.1898244619369507,-0.7616523504257202,-0.6422581672668457,-0.5928537249565125,-0.19350086152553558,-0.3664165139198303,-0.930450975894928,-1.1774733066558838,-1.0580791234970093,-0.9716213345527649,-0.5928537249565125,-0.3375972509384155,-0.2881927788257599,0.10292599350214005,-0.03293631598353386,-0.008234078995883465,0.02470223791897297,ROCK
0.0,-0.18325380980968475,-0.46646425127983093,-0.7288504242897034,-0.733015239238739,-0.9370933771133423,-0.8829501867294312,-0.7413449883460999,-0.24156184494495392,-0.9287636280059814,-0.129110649228096,-0.820477306842804,-0.8704556226730347,-0.7288504242897034,-0.1416052281856537,-0.8954447507858276,-0.7746638655662537,-0.34568333625793457,-0.8954447507858276,-0.8954447507858276,-0.8079827427864075,0.0,-0.516442596912384,-0.9954013824462891,-1.5701520442962646,-1.2119741439819336,-0.7704989910125732,-0.6497180461883545,-0.5997397303581238,-0.18741866946220398,-0.3706724941730499,-0.9454230666160583,-1.1828200817108154,-1.0662040710449219,-0.9829068183898926,-0.6039046049118042,-0.34151846170425415,-0.29570502042770386,0.10412148386240005,-0.03331887722015381,-0.008329719305038452,0.024989156052470207,ROCK
0.0,-0.18767929077148438,-0.4671128988265991,-0.7173519730567932,-0.7340345978736877,-0.9342257976531982,-0.8591541051864624,-0.709010660648346,-0.22104451060295105,-0.9217138886451721,-0.10843692719936371,-0.8132769465446472,-0.8591541051864624,-0.7048400044441223,-0.12511953711509705,-0.8800073862075806,-0.7465465068817139,-0.3336520791053772,-0.8883486390113831,-0.8800073862075806,-0.7840824127197266,0.0,-0.5213313698768616,-1.0051268339157104,-1.5931886434555054,-1.2220007181167603,-0.7840824127197266,-0.6547921895980835,-0.6047443747520447,-0.18350864946842194,-0.38787055015563965,-0.9550790786743164,-1.201147437095642,-1.0760279893875122,-1.0009562969207764,-0.6130856871604919,-0.3586759865283966,-0.30445751547813416,0.08758366852998734,-0.05838911235332489,-0.03336520865559578,0.004170651081949472,ROCK
0.0,-0.191849946975708,-0.47128355503082275,-0.7173519730567932,-0.7382052540779114,-0.9383964538574219,-0.8674954175949097,-0.7173519730567932,-0.2252151519060135,-0.9217138886451721,-0.10843692719936371,-0.8174476027488708,-0.8674954175949097,-0.7048400044441223,-0.12511953711509705,-0.8841780424118042,-0.7507171630859375,-0.3336520791053772,-0.8925192952156067,-0.8841780424118042,-0.7840824127197266,0.0,-0.5213313698768616,-1.0051268339157104,-1.5931886434555054,-1.2178300619125366,-0.7840824127197266,-0.6589628458023071,-0.6089150309562683,-0.1793379932641983,-0.38787055015563965,-0.95924973487854,-1.201147437095642,-1.0760279893875122,-1.009297490119934,-0.6172563433647156,-0.3586759865283966,-0.3086281716823578,0.09175432473421097,-0.05838911235332489,-0.03336520865559578,0.004170651081949472,ROCK
0.0,-0.19545505940914154,-0.4666987955570221,-0.678109347820282,-0.7219870090484619,-0.945364236831665,-0.849631130695343,-0.6860871315002441,-0.21141056716442108,-0.9254198670387268,-0.10769972205162048,-0.8256978988647461,-0.8615977764129639,-0.6900759935379028,-0.12365523725748062,-0.8655866980552673,-0.7259759306907654,-0.32309916615486145,-0.8775532841682434,-0.8576089143753052,-0.7499091625213623,0.0,-0.482654333114624,-0.9493530988693237,-1.5317294597625732,-1.1727303266525269,-0.7459203004837036,-0.602320671081543,-0.5464763641357422,-0.1794995367527008,-0.37894347310066223,-0.913453221321106,-1.1288526058197021,-0.9972196817398071,-0.9333975911140442,-0.5943429470062256,-0.3350658118724823,-0.2832103967666626,0.05983318015933037,-0.07578869163990021,-0.0518554225564003,-0.015955515205860138,ROCK
0.0,-0.13790540397167206,-0.33885326981544495,-0.472818523645401,-0.5555617809295654,-0.8234922289848328,-0.7683300971984863,-0.6067837476730347,-0.13790540397167206,-0.8392528891563416,0.003940154332667589,-0.6855868697166443,-0.7368088364601135,-0.5831428170204163,-0.031521234661340714,-0.8156119585037231,-0.6855868697166443,-0.2718706429004669,-0.82743239402771,-0.8195521235466003,-0.7092278003692627,0.0,-0.488579124212265,-0.961397647857666,-1.5603010654449463,-1.2135674953460693,-0.8865347504615784,-0.7052876353263855,-0.6028436422348022,-0.30339187383651733,-0.5437412858009338,-1.0362606048583984,-1.2214478254318237,-1.0323203802108765,-0.9810984134674072,-0.7249884009361267,-0.4294768273830414,-0.33885326981544495,-0.09850385785102844,-0.2521698772907257,-0.18912741541862488,-0.12214478105306625,ROCK
0.0,-0.3214360773563385,-0.5650507807731628,-0.6361051201820374,-0.6733239889144897,-0.3924903869628906,-0.43647637963294983,-0.4127916097640991,-0.050753068178892136,-0.1928616464138031,-0.41617515683174133,-0.5684343576431274,-0.5955026745796204,-0.4906129837036133,-0.23008057475090027,-0.2571488618850708,-0.24361471831798553,0.18271103501319885,0.020301226526498795,-0.04736952856183052,-0.050753068178892136,0.0,-0.14549212157726288,-0.43647637963294983,-0.9000210165977478,-0.6936252117156982,-1.0455131530761719,-0.7985149025917053,-0.7139264941215515,-0.8323503136634827,-0.9812259674072266,-0.7782136797904968,-1.0218284130096436,-0.8594185709953308,-0.7139264941215515,-0.7951313853263855,-0.7714465856552124,-0.6936252117156982,-0.7173100113868713,-0.8661856651306152,-0.7545289397239685,-0.6902416944503784,ROCK
0.0,0.017067132517695427,-0.10922964662313461,-0.3584097921848297,-0.2901412546634674,-0.5632153749465942,-0.7475404143333435,-0.8397029042243958,-0.37889033555984497,-0.6792718768119812,-0.19115188717842102,-0.3993709087371826,-0.5666288137435913,-0.7407135367393494,-0.262833833694458,-0.8431163430213928,-0.9523459672927856,-0.4710528552532196,-0.7373000979423523,-0.9079714417457581,-1.0308548212051392,0.0,-0.25600698590278625,-0.5802825093269348,-0.9659997224807739,-0.8260492086410522,-0.877250611782074,-0.9250385761260986,-0.9796534180641174,-0.617830216884613,-0.73388671875,-0.7407135367393494,-0.9694131016731262,-0.9898936748504639,-0.9830668568611145,-0.6314839124679565,-0.7748478055000305,-0.8294626474380493,-0.36865004897117615,-0.5598019361495972,-0.617830216884613,-0.6622047424316406,ROCK
0.0,-0.31829535961151123,-0.5795378088951111,-0.7657105326652527,-0.723671555519104,-0.4233928918838501,-0.5014653205871582,-0.47744303941726685,-0.01501393225044012,-0.23121455311775208,-0.36934274435043335,-0.5465071201324463,-0.5885461568832397,-0.5585182905197144,-0.18016718327999115,-0.32430094480514526,-0.32129815220832825,0.15013931691646576,-0.0780724436044693,-0.16515325009822845,-0.18316997587680817,0.0,-0.16215047240257263,-0.49245697259902954,-0.9999278783798218,-0.7777217030525208,-1.0629863739013672,-0.8407801985740662,-0.7807244658470154,-0.8347746133804321,-0.972902774810791,-0.9008359313011169,-1.0629863739013672,-0.8918275833129883,-0.8287690281867981,-0.8888247609138489,-0.7717161178588867,-0.7086576223373413,-0.7356826663017273,-0.8377774357795715,-0.7416882514953613,-0.6966464519500732,ROCK
0.0,-0.3113827407360077,-0.5795179009437561,-0.764041006565094,-0.7265597581863403,-0.46707412600517273,-0.5506861805915833,-0.5333871245384216,-0.04324760288000107,-0.27966782450675964,-0.392111599445343,-0.5881674289703369,-0.6371813416481018,-0.6141159534454346,-0.21047167479991913,-0.3776957392692566,-0.3776957392692566,0.10956059396266937,-0.12109328806400299,-0.21047167479991913,-0.22488753497600555,0.0,-0.14992502331733704,-0.4613077640533447,-0.9427977800369263,-0.732326090335846,-1.0494751930236816,-0.8130549192428589,-0.7553914785385132,-0.8188213109970093,-0.9600967764854431,-0.8649520874023438,-1.0350593328475952,-0.8678352236747742,-0.7899895310401917,-0.8563025593757629,-0.7467419505119324,-0.6861953139305115,-0.7179102301597595,-0.8159381151199341,-0.7179102301597595,-0.6746625900268555,ROCK
0.0,-0.32221728563308716,-0.5834745168685913,-0.7315202951431274,-0.7257146239280701,-0.4209144711494446,-0.4702630639076233,-0.4325259029865265,-0.04934859275817871,-0.22061723470687866,-0.39769160747528076,-0.5660573840141296,-0.580571711063385,-0.5283202528953552,-0.20900580286979675,-0.2931886911392212,-0.27286869287490845,0.1538514941930771,-0.05805716663599014,-0.1277257651090622,-0.1277257651090622,0.0,-0.14804577827453613,-0.4586516320705414,-0.9492347240447998,-0.7257146239280701,-1.0566405057907104,-0.751840353012085,-0.6589488387107849,-0.8215089440345764,-0.9753604531288147,-0.8302174806594849,-1.0334175825119019,-0.8302174806594849,-0.7141031622886658,-0.836023211479187,-0.7112002968788147,-0.6154059767723083,-0.7373260259628296,-0.8389260768890381,-0.7053946256637573,-0.6299203038215637,ROCK
0.0,-0.31669726967811584,-0.5810958743095398,-0.7031260132789612,-0.7292753458023071,-0.4532547891139984,-0.47940412163734436,-0.42710548639297485,-0.07263698428869247,-0.25277671217918396,-0.4009561538696289,-0.5927178263664246,-0.5927178263664246,-0.5055534243583679,-0.2237219214439392,-0.31088629364967346,-0.2731150686740875,0.13365206122398376,-0.09297534078359604,-0.14527396857738495,-0.13074657320976257,0.0,-0.15108492970466614,-0.4503493010997772,-0.9268479347229004,-0.7089369893074036,-1.037256121635437,-0.7176533937454224,-0.6014342308044434,-0.7815739512443542,-0.9675246477127075,-0.7815739512443542,-1.0082013607025146,-0.7873849272727966,-0.6392054557800293,-0.8019123077392578,-0.6915041208267212,-0.572379469871521,-0.7292753458023071,-0.8600218892097473,-0.7060315012931824,-0.6130561828613281,ROCK
0.0,-0.32850730419158936,-0.6136268377304077,-0.7344927787780762,-0.7561866641044617,-0.48966184258461,-0.517553985118866,-0.477265328168869,-0.12086589634418488,-0.2665247917175293,-0.505157470703125,-0.6725102663040161,-0.6756093502044678,-0.5733382105827332,-0.30681341886520386,-0.3192099332809448,-0.2944169342517853,0.12086589634418488,-0.058883387595415115,-0.10227114707231522,-0.08987464010715485,0.0,-0.11156851798295975,-0.3749941885471344,-0.8026735186576843,-0.5981312394142151,-1.0134140253067017,-0.7035015225410461,-0.5950320959091187,-0.7809796333312988,-0.9638280272483826,-0.7158980369567871,-0.966927170753479,-0.7654840350151062,-0.6012303829193115,-0.7716822624206543,-0.7158980369567871,-0.6012303829193115,-0.7437901496887207,-0.892548143863678,-0.7437901496887207,-0.6508163809776306,ROCK
0.0,-0.3346380293369293,-0.6313925385475159,-0.8018684983253479,-0.8018684983253479,-0.4988000988960266,-0.5398406386375427,-0.5082709789276123,-0.12627850472927094,-0.28096967935562134,-0.5335266590118408,-0.6724330186843872,-0.6692760586738586,-0.5935089588165283,-0.34726589918136597,-0.34726589918136597,-0.3283241093158722,0.10733672976493835,-0.07576709985733032,-0.12627850472927094,-0.12312154471874237,0.0,-0.07576709985733032,-0.3283241093158722,-0.757671058177948,-0.5808811187744141,-0.9912862777709961,-0.7261013984680176,-0.6313925385475159,-0.8208102583885193,-0.9597166180610657,-0.7261013984680176,-0.9470887780189514,-0.7513571381568909,-0.5840380787849426,-0.7923976182937622,-0.7324153184890747,-0.6345494985580444,-0.7702988982200623,-0.9028913378715515,-0.7545140981674194,-0.6692760586738586,ROCK
0.0,-0.3158871829509735,-0.6024652719497681,-0.8336816430091858,-0.7913462519645691,-0.4331236481666565,-0.4787156283855438,-0.46243277192115784,-0.11397991329431534,-0.2540123760700226,-0.46243277192115784,-0.5731561183929443,-0.5731561183929443,-0.5210510492324829,-0.30286091566085815,-0.32891345024108887,-0.3224003314971924,0.061874810606241226,-0.1107233390212059,-0.17585471272468567,-0.19213756918907166,0.0,-0.061874810606241226,-0.3061174750328064,-0.7197017073631287,-0.5633864402770996,-0.9834837913513184,-0.7783199548721313,-0.7229582667350769,-0.836938202381134,-0.9672009348869324,-0.7424976825714111,-0.9378918409347534,-0.7848330736160278,-0.6675966382026672,-0.8043724894523621,-0.7946028113365173,-0.7262148857116699,-0.7815765142440796,-0.9216089844703674,-0.8108856678009033,-0.7555239796638489,ROCK
0.0,-0.04038514569401741,-0.13012991845607758,-0.3051322102546692,-0.24679811298847198,-0.3230811655521393,-0.4262876510620117,-0.44872385263442993,-0.23333638906478882,-0.35897907614707947,-0.1705150604248047,-0.2916705012321472,-0.35897907614707947,-0.39487698674201965,-0.18846401572227478,-0.4442366063594818,-0.47116002440452576,-0.23782363533973694,-0.3993642032146454,-0.4442366063594818,-0.46667277812957764,0.0,-0.33205562829971313,-0.7134708762168884,-1.1577074527740479,-0.9378328323364258,-1.0948861837387085,-1.2564266920089722,-1.408992886543274,-0.6506495475769043,-0.9333455562591553,-0.8301391005516052,-1.153220295906067,-1.2743756771087646,-1.368607759475708,-0.7403943538665771,-1.0679627656936646,-1.1891181468963623,-0.4756472706794739,-0.7089836597442627,-0.8121901750564575,-0.9019349217414856,ROCK
0.0,-0.31786200404167175,-0.5177546143531799,-0.5570777058601379,-0.5570777058601379,-0.23921573162078857,-0.25887730717658997,-0.23593880236148834,0.07536933571100235,-0.032769277691841125,-0.2949235141277313,-0.41944676637649536,-0.4522160291671753,-0.3735697567462921,-0.09830783307552338,-0.06881548464298248,-0.055707771331071854,0.26870808005332947,0.18350796401500702,0.1310771107673645,0.12780018150806427,0.0,-0.14746175706386566,-0.4128929078578949,-0.7733549475669861,-0.6390008926391602,-1.0748323202133179,-0.9175397753715515,-0.8683858513832092,-0.8323396444320679,-0.9994629621505737,-0.8257858157157898,-1.0846631526947021,-0.9765244722366333,-0.8749397397041321,-0.8257858157157898,-0.8716627955436707,-0.8192319273948669,-0.6979856491088867,-0.8847705125808716,-0.806124210357666,-0.7569703459739685,ROCK
0.0,-0.31004881858825684,-0.4948855936527252,-0.5664353370666504,-0.560472846031189,-0.14011821150779724,-0.15502440929412842,-0.14011821150779724,0.10732458531856537,0.05068105459213257,-0.21763041615486145,-0.2861988842487335,-0.3070675730705261,-0.24148032069206238,-0.03577486053109169,0.0059624770656228065,0.008943715132772923,0.29514262080192566,0.22359289228916168,0.15502440929412842,0.1311744898557663,0.0,-0.12223078310489655,-0.3815985321998596,-0.7631970643997192,-0.6200976371765137,-1.043433427810669,-0.927165150642395,-0.8794653415679932,-0.822821855545044,-0.9987149238586426,-0.8258030414581299,-1.0344897508621216,-0.9241839647293091,-0.8645591735839844,-0.8407092690467834,-0.8824465870857239,-0.8377280235290527,-0.7214597463607788,-0.9122589826583862,-0.8407092690467834,-0.798971951007843,ROCK
0.0,-0.3100365102291107,-0.4943825602531433,-0.5502449870109558,-0.5614174604415894,-0.17317354679107666,-0.19272540509700775,-0.17317354679107666,0.061448678374290466,0.011172487400472164,-0.24579471349716187,-0.3156227767467499,-0.3267952501773834,-0.24579471349716187,-0.0726211667060852,-0.04189682751893997,-0.0363105833530426,0.259760320186615,0.15920794010162354,0.0921730175614357,0.06703492254018784,0.0,-0.13127672672271729,-0.4050026535987854,-0.8127984404563904,-0.6452111601829529,-1.0362482070922852,-0.9133508205413818,-0.874247133731842,-0.8072121739387512,-0.9999375939369202,-0.7932465672492981,-1.0111100673675537,-0.9077646136283875,-0.8574883937835693,-0.81559157371521,-0.8854196071624756,-0.8463159203529358,-0.726211667060852,-0.9217302203178406,-0.8630746603012085,-0.8323503136634827,ROCK
0.0,-0.30630168318748474,-0.5150205492973328,-0.5909183025360107,-0.5882076621055603,-0.2575102746486664,-0.28190597891807556,-0.2656421661376953,0.0,-0.07047649472951889,-0.3090123236179352,-0.4065951704978943,-0.42285895347595215,-0.34696120023727417,-0.1355317234992981,-0.12197855114936829,-0.116557277739048,0.20329758524894714,0.09487220644950867,0.02981697767972946,0.010842537507414818,0.0,-0.10029347240924835,-0.34696120023727417,-0.7264500260353088,-0.5665225982666016,-1.0327516794204712,-0.9053518772125244,-0.8674030303955078,-0.8023477792739868,-0.997513473033905,-0.7698201537132263,-0.9948028326034546,-0.8945093750953674,-0.8402966856956482,-0.8023477792739868,-0.8836668133735657,-0.8430073261260986,-0.7264500260353088,-0.9161944389343262,-0.8592711091041565,-0.8294541239738464,ROCK
0.0,-0.29665467143058777,-0.5264952182769775,-0.6173624396324158,-0.6227075457572937,-0.3607962429523468,-0.3875218629837036,-0.3821767568588257,-0.11492028087377548,-0.16569900512695312,-0.4543359875679016,-0.5264952182769775,-0.5238226652145386,-0.4810616374015808,-0.26992902159690857,-0.20846004784107208,-0.2138051688671112,0.10423002392053604,0.01603538729250431,-0.0267256461083889,-0.04543359950184822,0.0,-0.03474333882331848,-0.21915030479431152,-0.49175190925598145,-0.3607962429523468,-0.9995391964912415,-0.8284950256347656,-0.7830614447593689,-0.8017693758010864,-0.9861763715744019,-0.7189198732376099,-0.9033268690109253,-0.7857339978218079,-0.7536632418632507,-0.7910791635513306,-0.8231499195098877,-0.7803888916969299,-0.7803888916969299,-0.9140171408653259,-0.8258224725723267,-0.7910791635513306,ROCK
0.0,-0.008019985631108284,-0.19515299797058105,-0.4491192102432251,-0.4544658660888672,-0.6496188640594482,-0.692392110824585,-0.6656588315963745,-0.45713919401168823,-0.7111054062843323,-0.29139283299446106,-0.5346657037734985,-0.5667456984519958,-0.6014989614486694,-0.37961268424987793,-0.7431853413581848,-0.7244720458984375,-0.505259096622467,-0.7565520405769348,-0.7752653360366821,-0.7618986964225769,0.0,-0.2031729817390442,-0.44644588232040405,-0.7538787126541138,-0.5827856659889221,-0.8394252061843872,-0.7618986964225769,-0.7057587504386902,-0.49991247057914734,-0.7030854225158691,-0.7111054062843323,-0.9196250438690186,-0.826058566570282,-0.767245352268219,-0.6282322406768799,-0.6202122569084167,-0.5667456984519958,-0.38495934009552,-0.5507057309150696,-0.49456581473350525,-0.45179253816604614,ROCK
0.0,-0.12367017567157745,-0.4299010932445526,-0.7744108438491821,-0.6801859736442566,-0.9923059344291687,-0.962860643863678,-0.8745248317718506,-0.6448516249656677,-0.9746387600898743,-0.5682939291000366,-0.965805172920227,-0.9422489404678345,-0.8038561344146729,-0.5918501019477844,-0.9098591208457947,-0.8244678378105164,-0.6448516249656677,-0.9540270566940308,-0.889247477054596,-0.8126897215843201,0.0,-0.30917543172836304,-0.6006836891174316,-0.9540270566940308,-0.7243539094924927,-0.4858471155166626,-0.44756826758384705,-0.4210675060749054,-0.13839282095432281,-0.22378413379192352,-0.615406334400177,-0.7596881985664368,-0.7096312642097473,-0.694908618927002,-0.3975112736225128,-0.20317243039608002,-0.1825607419013977,0.07655772566795349,0.023556223139166832,0.05300150439143181,0.06772414594888687,ROCK
0.0,-0.14703796803951263,-0.46330833435058594,-0.7989987730979919,-0.707446813583374,-1.0070713758468628,-0.9349395632743835,-0.8517104983329773,-0.6242178082466125,-0.9737797975540161,-0.5520859956741333,-0.9543596506118774,-0.9293909668922424,-0.7879015803337097,-0.5659574866294861,-0.8794535398483276,-0.8045473694801331,-0.6103463172912598,-0.9016479253768921,-0.8461619019508362,-0.7823529839515686,0.0,-0.29407593607902527,-0.5964747667312622,-0.957133948802948,-0.7657071948051453,-0.4716312289237976,-0.4466625154018402,-0.4522111117839813,-0.1747809797525406,-0.22749270498752594,-0.5770546793937683,-0.7240926623344421,-0.707446813583374,-0.6769295334815979,-0.3800792694091797,-0.2302670180797577,-0.24413852393627167,0.049937423318624496,0.005548602901399136,0.013871506787836552,0.002774301450699568,ROCK
0.0,-0.2567269802093506,-0.6139123439788818,-0.957145094871521,-0.8929633498191833,-1.0994611978530884,-0.9627261161804199,-0.789714515209198,-0.6194933652877808,-0.9990027546882629,-0.6892561316490173,-1.1301567554473877,-1.0185363292694092,-0.7785524725914001,-0.6306554079055786,-0.8538962602615356,-0.7087897062301636,-0.5274065136909485,-0.8845918774604797,-0.7729714512825012,-0.6501889824867249,0.0,-0.2623080015182495,-0.5022919178009033,-0.8204101324081421,-0.5999597907066345,-0.18975472450256348,-0.1730116605758667,-0.18975472450256348,-0.053019702434539795,0.044648170471191406,-0.5134539604187012,-0.4464816749095917,-0.3906714916229248,-0.4046240448951721,-0.2790510654449463,0.05860072001814842,0.033486127853393555,0.186964213848114,0.27347004413604736,0.2762605547904968,0.25114595890045166,ROCK
0.0,-0.29053768515586853,-0.631994366645813,-0.9734510183334351,-0.9434986710548401,-1.111231803894043,-0.949489176273346,-0.7338322997093201,-0.575084924697876,-0.997412919998169,-0.667937159538269,-1.1531651020050049,-1.015384316444397,-0.745813250541687,-0.58407062292099,-0.8176988363265991,-0.640980064868927,-0.47025173902511597,-0.871613085269928,-0.724846601486206,-0.566099226474762,0.0,-0.32348525524139404,-0.575084924697876,-0.901565432548523,-0.614022970199585,-0.20966637134552002,-0.1677331030368805,-0.22164730727672577,-0.014976169914007187,0.0718856155872345,-0.5870658755302429,-0.5002040863037109,-0.43730416893959045,-0.506194531917572,-0.3204900324344635,0.08386655151844025,0.03294757381081581,0.22164730727672577,0.35044237971305847,0.34145668148994446,0.29952338337898254,ROCK
0.0,-0.27632981538772583,-0.6195605397224426,-0.9133427143096924,-0.8377156257629395,-1.0965930223464966,-0.9046165347099304,-0.7475448250770569,-0.5468421578407288,-0.9540650248527527,-0.730092465877533,-1.1576764583587646,-1.0384182929992676,-0.8057195544242859,-0.6311954259872437,-0.7853583693504333,-0.6573740839958191,-0.45376262068748474,-0.7766321897506714,-0.6748265027999878,-0.5584771037101746,0.0,-0.16870662569999695,-0.366500586271286,-0.6428303718566895,-0.48866745829582214,0.11925812810659409,0.08726204186677933,-0.0029087348375469446,-0.03490481898188591,0.29959967732429504,-0.401405394077301,-0.11053192615509033,-0.09598825126886368,-0.16288915276527405,-0.2065201699733734,0.27051234245300293,0.1599804162979126,0.20361143350601196,0.45958009362220764,0.4217665493488312,0.32868704199790955,ROCK
0.0,-0.3330337703227997,-0.7145087718963623,-1.0414873361587524,-0.9355220794677734,-1.1262595653533936,-0.9355220794677734,-0.7841431498527527,-0.5267988443374634,-0.9385496973991394,-0.8174465298652649,-1.2382800579071045,-1.1141493320465088,-0.8870808482170105,-0.6690950989723206,-0.7841431498527527,-0.6660675406455994,-0.3966129422187805,-0.7205639481544495,-0.6388192772865295,-0.5358815789222717,0.0,-0.12413076311349869,-0.30275797843933105,-0.5570746660232544,-0.42386114597320557,0.18770994246006012,0.17862719297409058,0.06357917189598083,-0.13321350514888763,0.3451440930366516,-0.451109379529953,-0.03633095696568489,0.0030275797471404076,-0.09991012513637543,-0.2815648913383484,0.33908891677856445,0.2089029997587204,0.1211031824350357,0.48138517141342163,0.4541369378566742,0.3451440930366516,ROCK
0.0,-0.6811851263046265,-1.362370252609253,-1.9164009094238281,-1.725669026374817,-1.4531949758529663,-1.2397569417953491,-1.0853550434112549,-0.49499452114105225,-0.9945303201675415,-1.2715455293655396,-1.7892463207244873,-1.6666330099105835,-1.3487465381622314,-0.8764582276344299,-0.8719169497489929,-0.7674685716629028,-0.154401957988739,-0.5540305972099304,-0.5494893193244934,-0.4768295884132385,0.0,-0.0908246859908104,-0.28609776496887207,-0.5404068827629089,-0.3950873911380768,-0.059036046266555786,0.04995357617735863,-0.11807209253311157,-0.6539377570152283,0.10444838553667068,-0.9264118075370789,-0.2724740505218506,-0.11807209253311157,-0.1998143047094345,-0.8083397150039673,0.1998143047094345,0.01816493645310402,-0.33151009678840637,0.2588503658771515,0.2906389832496643,0.13169579207897186,ROCK
0.0,-1.343827486038208,-2.5995352268218994,-3.767122983932495,-3.3155088424682617,-1.9055914878845215,-1.6742769479751587,-1.5531121492385864,-0.46262913942337036,-0.8922133445739746,-2.5114152431488037,-2.8638947010040283,-2.577505111694336,-2.2690858840942383,-1.453977346420288,-0.8151084780693054,-0.7600336074829102,0.46262913942337036,0.05507489666342735,-0.02202995866537094,0.01101497933268547,0.0,-0.02202995866537094,-0.35247933864593506,-0.682928740978241,-0.6168388724327087,-0.5177040100097656,0.02202995866537094,-0.2643595039844513,-2.412280559539795,-0.4516141712665558,-2.423295497894287,-0.7049586772918701,-0.13217975199222565,-0.13217975199222565,-2.5554752349853516,0.03304493799805641,-0.27537450194358826,-1.9276213645935059,-0.42958420515060425,-0.07710485905408859,-0.2974044382572174,ROCK
0.0,-0.2525920867919922,-0.41677695512771606,-0.7906132936477661,-0.6137987971305847,0.1742885410785675,0.22480696439743042,0.24248841404914856,0.29048091173171997,0.3990955054759979,-0.1288219690322876,-0.09851092100143433,-0.07830355316400528,-0.032836973667144775,0.07577762752771378,0.4369843304157257,0.45971763134002686,0.45213985443115234,0.6188506484031677,0.6921023726463318,0.7451466917991638,0.0,-0.1262960433959961,-0.36373263597488403,-0.712309718132019,-0.5658063292503357,-1.0507831573486328,-1.260434627532959,-1.4018861055374146,-0.6188506484031677,-0.9169093370437622,-0.7779836654663086,-1.0583609342575073,-1.220019817352295,-1.4018861055374146,-0.7299911379814148,-1.0634127855300903,-1.2073901891708374,-0.4647694528102875,-0.6516876220703125,-0.7552503943443298,-0.8714427351951599,PAPER
0.0,-0.27453821897506714,-0.47027379274368286,-0.8871651887893677,-0.6990556716918945,0.07626061886548996,0.1042228415608406,0.10676486045122147,0.22369781136512756,0.31775256991386414,-0.21098770201206207,-0.20081962645053864,-0.20081962645053864,-0.18302547931671143,0.012710102833807468,0.34825682640075684,0.34825682640075684,0.4296014904975891,0.5872067213058472,0.6507572531700134,0.691429615020752,0.0,-0.10930688679218292,-0.3330046832561493,-0.676177442073822,-0.5287402868270874,-1.070190668106079,-1.298972487449646,-1.4565777778625488,-0.6253370642662048,-0.9481736421585083,-0.7651481628417969,-1.054938554763794,-1.243048071861267,-1.451493740081787,-0.7397279739379883,-1.1235730648040771,-1.2862623929977417,-0.49569401144981384,-0.691429615020752,-0.8236146569252014,-0.9608837962150574,PAPER
0.0,-0.2828409671783447,-0.48380693793296814,-0.8882198929786682,-0.7071024179458618,0.03721591830253601,0.04962122440338135,0.044659100472927094,0.21585232019424438,0.2878030836582184,-0.2357008159160614,-0.24562504887580872,-0.25803035497665405,-0.24810612201690674,-0.002481061266735196,0.31261369585990906,0.3076515793800354,0.43170464038848877,0.5830493569374084,0.6376327276229858,0.6723675727844238,0.0,-0.09676138311624527,-0.32005688548088074,-0.6698865294456482,-0.5210228562355042,-1.0792616605758667,-1.292632818222046,-1.44149649143219,-0.6277084946632385,-0.9576895833015442,-0.7567236423492432,-1.0470077991485596,-1.2256442308425903,-1.4340533018112183,-0.7368751764297485,-1.118958592414856,-1.2752654552459717,-0.5086175203323364,-0.7095835208892822,-0.8336365222930908,-0.9651327729225159,PAPER
0.0,-0.27871769666671753,-0.47603994607925415,-0.8657513856887817,-0.6906278729438782,0.05179709196090698,0.06906279176473618,0.06412973254919052,0.231853649020195,0.30584949254989624,-0.22445406019687653,-0.231853649020195,-0.24665282666683197,-0.231853649020195,0.012332641519606113,0.33298131823539734,0.3280482590198517,0.44150856137275696,0.5993663668632507,0.6560965180397034,0.6930944323539734,0.0,-0.10112765431404114,-0.3280482590198517,-0.675828754901886,-0.5278370380401611,-1.0729397535324097,-1.285061240196228,-1.430586338043213,-0.6215651035308838,-0.9520798921585083,-0.7522910833358765,-1.045807957649231,-1.218464970588684,-1.425653338432312,-0.7300923466682434,-1.107471227645874,-1.260395884513855,-0.5007052421569824,-0.7004939913749695,-0.8213539123535156,-0.9496133923530579,PAPER
0.0,-0.27865785360336304,-0.47023510932922363,-0.8434375524520874,-0.6643003821372986,0.06468842923641205,0.09205660969018936,0.09454462677240372,0.2413375973701477,0.31846609711647034,-0.22889751195907593,-0.22889751195907593,-0.23387354612350464,-0.21148139238357544,0.007464049383997917,0.3532983362674713,0.35578635334968567,0.44037890434265137,0.604587972164154,0.6692764163017273,0.709084689617157,0.0,-0.10947272181510925,-0.34085825085639954,-0.6817165017127991,-0.5398995876312256,-1.0773111581802368,-1.2838164567947388,-1.425633430480957,-0.6369321942329407,-0.9479342699050903,-0.7663090825080872,-1.0623830556869507,-1.229080080986023,-1.4231454133987427,-0.7364528775215149,-1.0972152948379517,-1.244008183479309,-0.4951152801513672,-0.6916685700416565,-0.8036292791366577,-0.9255421161651611,PAPER
0.0,-0.274877667427063,-0.45303913950920105,-0.7915459275245667,-0.6286554336547852,0.0458129458129406,0.07635491341352463,0.08144523948431015,0.21633891761302948,0.29014864563941956,-0.2290647327899933,-0.21633891761302948,-0.22397440671920776,-0.21124859154224396,-0.002545163733884692,0.33596161007881165,0.3308712840080261,0.41995200514793396,0.5904780030250549,0.6541070938110352,0.6922845244407654,0.0,-0.1170775294303894,-0.34868741035461426,-0.7075555324554443,-0.5548456907272339,-1.0816946029663086,-1.3183947801589966,-1.476194977760315,-0.6312006115913391,-0.9569815397262573,-0.7584587931632996,-1.0511525869369507,-1.2496753931045532,-1.4431078433990479,-0.7330071330070496,-1.1351430416107178,-1.3031238317489624,-0.4963069260120392,-0.6973748207092285,-0.8322685360908508,-0.9747976660728455,PAPER
0.0,-0.23829945921897888,-0.3853352963924408,-0.7174334526062012,-0.5450466275215149,0.17238683998584747,0.23069414496421814,0.253510057926178,0.28900146484375,0.3853352963924408,-0.14703583717346191,-0.11407952755689621,-0.09379871934652328,-0.03042120672762394,0.05577221140265465,0.42843198776245117,0.4487127959728241,0.43857240676879883,0.6160294413566589,0.6920824646949768,0.7478546500205994,0.0,-0.15464113652706146,-0.40815117955207825,-0.7808109521865845,-0.6210996508598328,-1.0647422075271606,-1.272620439529419,-1.404445767402649,-0.648985743522644,-0.9227765798568726,-0.8112321496009827,-1.0951634645462036,-1.2523397207260132,-1.4272615909576416,-0.7554599642753601,-1.0672773122787476,-1.2041727304458618,-0.4664584994316101,-0.651520848274231,-0.7427844405174255,-0.8543288707733154,PAPER
0.0,-0.22622708976268768,-0.36196333169937134,-0.6837084889411926,-0.5102677345275879,0.2010907381772995,0.2714725136756897,0.29912248253822327,0.29912248253822327,0.4147496521472931,-0.12568171322345734,-0.08546356111764908,-0.06032722070813179,0.01759544014930725,0.06786812841892242,0.4625087082386017,0.4851314127445221,0.4398860037326813,0.633435845375061,0.7214130163192749,0.7842538952827454,0.0,-0.165899857878685,-0.4273178279399872,-0.8018493056297302,-0.6409767270088196,-1.055726408958435,-1.2693853378295898,-1.4000942707061768,-0.6434903740882874,-0.9099355936050415,-0.8244720101356506,-1.098458170890808,-1.256817102432251,-1.4302579164505005,-0.761631190776825,-1.055726408958435,-1.1914626359939575,-0.45496779680252075,-0.633435845375061,-0.7214130163192749,-0.832012951374054,PAPER
0.0,-0.2104133516550064,-0.31181737780570984,-0.5856082439422607,-0.4309670925140381,0.31435248255729675,0.42589688301086426,0.47659891843795776,0.3726597726345062,0.507020115852356,-0.0481669120490551,0.010140402242541313,0.07098281383514404,0.16731663048267365,0.12168482691049576,0.5627923011779785,0.613494336605072,0.47152870893478394,0.6692665219306946,0.7757407426834106,0.8568639755249023,0.0,-0.18759743869304657,-0.45885321497917175,-0.8239076733589172,-0.6743367314338684,-1.0241806507110596,-1.2650151252746582,-1.4069807529449463,-0.613494336605072,-0.8619341850280762,-0.8163023591041565,-1.1027687788009644,-1.2751555442810059,-1.4678232669830322,-0.7250387668609619,-1.0191104412078857,-1.1636111736297607,-0.39294058084487915,-0.5577221512794495,-0.6413804292678833,-0.7529248595237732,PAPER
0.0,-0.17918577790260315,-0.2503330707550049,-0.4795854389667511,-0.3583715558052063,0.3662768006324768,0.5138415694236755,0.5876239538192749,0.42951884865760803,0.5375573039054871,0.0764174610376358,0.1607401818037033,0.23979271948337555,0.2977645993232727,0.21607695519924164,0.653501033782959,0.7246483564376831,0.46904510259628296,0.687757134437561,0.8142412304878235,0.9064692258834839,0.0,-0.197631374001503,-0.49012577533721924,-0.8774832487106323,-0.7483640909194946,-0.9934269785881042,-1.2200442552566528,-1.364974021911621,-0.6034344434738159,-0.8432271480560303,-0.7668097019195557,-1.0487637519836426,-1.2200442552566528,-1.3702441453933716,-0.67194664478302,-0.9828866720199585,-1.1225461959838867,-0.3794522285461426,-0.5480976700782776,-0.6429607272148132,-0.7509992122650146,PAPER
0.0,-0.18755368888378143,-0.25185781717300415,-0.4688841998577118,-0.3429553210735321,0.3590313494205475,0.4849602282047272,0.5546230673789978,0.42065611481666565,0.527829647064209,0.08841816335916519,0.18755368888378143,0.2491784691810608,0.32419994473457336,0.2331024408340454,0.656437873840332,0.7153833508491516,0.47156354784965515,0.7019866704940796,0.833274245262146,0.9324097633361816,0.0,-0.2197057455778122,-0.5197916626930237,-0.9216923713684082,-0.7877254486083984,-1.0261865854263306,-1.29412043094635,-1.4334460496902466,-0.602851152420044,-0.8493502736091614,-0.846670925617218,-1.1012080907821655,-1.2753651142120361,-1.387897253036499,-0.7341387271881104,-1.0235072374343872,-1.1681915521621704,-0.3563520014286041,-0.5305089950561523,-0.6323238611221313,-0.7502147555351257,PAPER
0.0,-0.18137182295322418,-0.2444576770067215,-0.4547438323497772,-0.32594355940818787,0.3653722107410431,0.4915439188480377,0.5598869323730469,0.41005802154541016,0.5283439755439758,0.08937162160873413,0.18925754725933075,0.2576005458831787,0.3312007188796997,0.22868621349334717,0.6545156836509705,0.7176015377044678,0.4547438323497772,0.6860586404800415,0.8174874782562256,0.9173734188079834,0.0,-0.23394335806369781,-0.5388582944869995,-0.9331448674201965,-0.7990874648094177,-1.0382879972457886,-1.309031367301941,-1.456231713294983,-0.6019441485404968,-0.8490304350852966,-0.8595446944236755,-1.117145299911499,-1.2958885431289673,-1.4141744375228882,-0.7386301755905151,-1.019887924194336,-1.1697168350219727,-0.34697216749191284,-0.5125725269317627,-0.6150870323181152,-0.7333729863166809,PAPER
0.0,-0.18883389234542847,-0.2551809251308441,-0.4746365249156952,-0.33683881163597107,0.33683881163597107,0.46698111295700073,0.5384317636489868,0.42104852199554443,0.5103618502616882,0.11738322675228119,0.2220074087381363,0.29090625047683716,0.3393906354904175,0.2577327489852905,0.6762294769287109,0.745128333568573,0.45167025923728943,0.6915403008460999,0.8369934558868408,0.9416176080703735,0.0,-0.24752549827098846,-0.5613980293273926,-0.9212031364440918,-0.8242344260215759,-1.056449055671692,-1.3524589538574219,-1.5183265209197998,-0.6098824143409729,-0.8599597215652466,-0.8523042798042297,-1.1202442646026611,-1.3243889808654785,-1.4290132522583008,-0.7221620082855225,-1.0385863780975342,-1.2070057392120361,-0.3419424593448639,-0.5027064085006714,-0.6200896501541138,-0.7527837157249451,PAPER
0.0,-0.18595059216022491,-0.2547268569469452,-0.49671733379364014,-0.3489757776260376,0.410110205411911,0.5476627349853516,0.6291753053665161,0.39227932691574097,0.5756826400756836,0.03820902481675148,0.14774157106876373,0.24708503484725952,0.36680665612220764,0.16557244956493378,0.6648370623588562,0.7488968968391418,0.43303564190864563,0.659742534160614,0.8100313544273376,0.9272056818008423,0.0,-0.2903886139392853,-0.626628041267395,-1.0443800687789917,-0.8737130761146545,-1.0443800687789917,-1.3245795965194702,-1.5003410577774048,-0.5629463195800781,-0.8176731467247009,-0.8839021325111389,-1.1793853044509888,-1.388261318206787,-1.5487391948699951,-0.7412551045417786,-1.011265516281128,-1.184479832649231,-0.29548314213752747,-0.4355829060077667,-0.5400208830833435,-0.6750261187553406,PAPER
0.0,-0.19918124377727509,-0.24136079847812653,-0.4147656559944153,-0.3093167543411255,0.4077357351779938,0.5717673301696777,0.6654996871948242,0.49209484457969666,0.5787972807884216,0.14294183254241943,0.22964425384998322,0.3210332989692688,0.38898923993110657,0.27651041746139526,0.7357989549636841,0.8318746089935303,0.48975151777267456,0.7193957567214966,0.8763974905014038,0.9959062337875366,0.0,-0.26948049664497375,-0.5998870134353638,-0.9982495307922363,-0.8646809458732605,-1.0357425212860107,-1.3122528791427612,-1.4903444051742554,-0.5389609932899475,-0.8154714703559875,-0.7943816781044006,-1.1083850860595703,-1.3239694833755493,-1.4551947116851807,-0.6350366473197937,-0.97247314453125,-1.1505645513534546,-0.25776395201683044,-0.403049111366272,-0.5178712606430054,-0.6561264395713806,PAPER
0.0,-0.20874331891536713,-0.2723845839500427,-0.4251236021518707,-0.33602583408355713,0.4123953580856323,0.5956821441650391,0.7102364301681519,0.48112791776657104,0.5905908942222595,0.076369509100914,0.22147157788276672,0.3385714888572693,0.4276692569255829,0.22401723265647888,0.7611494660377502,0.8578841686248779,0.4964018166065216,0.7586038112640381,0.9266167283058167,1.0513535737991333,0.0,-0.29784107208251953,-0.6567777991294861,-1.1175404787063599,-0.9673470854759216,-1.033534049987793,-1.305918574333191,-1.4586576223373413,-0.5854995846748352,-0.8069711327552795,-0.8757036924362183,-1.178636074066162,-1.3568315505981445,-1.440838098526001,-0.7280559539794922,-1.0004405975341797,-1.1455426216125488,-0.28256717324256897,-0.458217054605484,-0.5524061322212219,-0.6644147038459778,PAPER
0.0,-0.22866736352443695,-0.2972675859928131,-0.43700873851776123,-0.3480825424194336,0.38873451948165894,0.5437201857566833,0.6656761169433594,0.5005274415016174,0.5640461444854736,0.11179292947053909,0.2820230722427368,0.3963567614555359,0.43192723393440247,0.2667785882949829,0.7596837878227234,0.8587729930877686,0.5005274415016174,0.7444393038749695,0.9019656777381897,1.02138090133667,0.0,-0.30488982796669006,-0.6732983589172363,-1.1407960653305054,-1.0035955905914307,-1.0518698692321777,-1.3110262155532837,-1.460930347442627,-0.632646381855011,-0.8257432579994202,-0.8867211937904358,-1.1890703439712524,-1.3542189598083496,-1.3847079277038574,-0.7317355871200562,-1.0010548830032349,-1.1433367729187012,-0.29218608140945435,-0.46749770641326904,-0.5640461444854736,-0.6707575917243958,PAPER
0.0,0.022102372720837593,0.19576388597488403,0.2525985538959503,0.45467740297317505,0.5020396113395691,0.7451657056808472,1.0072367191314697,1.0545989274978638,0.46730732917785645,0.6409687995910645,1.0040792226791382,1.2282605171203613,0.47362229228019714,0.644126296043396,0.9504020810127258,1.1461659669876099,0.45467740297317505,0.6314963698387146,0.8114728331565857,0.9567170143127441,0.0,-0.1926063895225525,-0.5020396113395691,-0.7988429069519043,-0.8714650273323059,-0.9946067929267883,-1.4240243434906006,-1.6924103498458862,-1.4934889078140259,-0.8840949535369873,-1.1745833158493042,-1.5187487602233887,-1.7808197736740112,-1.0514414310455322,-0.9819768667221069,-1.3198274374008179,-1.5629535913467407,-0.4641498327255249,-0.6978034973144531,-0.8619925379753113,-1.0419690608978271,PAPER
0.0,0.5257992148399353,1.0439780950546265,1.5126252174377441,1.8098160028457642,0.9601550698280334,1.2459155321121216,1.535486102104187,1.6307395696640015,0.49531808495521545,0.754407525062561,1.0325477123260498,1.2459155321121216,0.07620278000831604,0.26289960741996765,0.4229254424571991,0.6324830651283264,-0.2743300199508667,-0.41149502992630005,-0.39244431257247925,-0.335292249917984,0.0,-0.01905069500207901,-0.1905069500207901,-0.45721668004989624,-0.49150794744491577,-0.8039393424987793,-1.2268648147583008,-1.5278657674789429,-1.7602843046188354,-0.8687117099761963,-1.314497947692871,-1.6917017698287964,-1.920310139656067,-0.8115596175193787,-1.2649661302566528,-1.596448302268982,-1.8250566720962524,-0.7277365922927856,-1.1201808452606201,-1.375460147857666,-1.5850178003311157,PAPER
0.0,0.49741342663764954,0.9703065156936646,1.338112235069275,1.5027490854263306,0.8932424187660217,1.14194917678833,1.3556268215179443,1.3976616859436035,0.47639596462249756,0.690073549747467,0.9002482891082764,1.0683879852294922,0.12960772216320038,0.23819798231124878,0.37831443548202515,0.5429512858390808,-0.266221284866333,-0.3362795114517212,-0.3012503981590271,-0.24520380795001984,0.0,0.0,-0.16113393008708954,-0.3853202760219574,-0.41334354877471924,-0.8091725707054138,-1.1664695739746094,-1.387152910232544,-1.5903217792510986,-0.879230797290802,-1.2820656299591064,-1.5868189334869385,-1.7899878025054932,-0.802166759967804,-1.2365278005599976,-1.4817315340042114,-1.6849004030227661,-0.7566288709640503,-1.082399606704712,-1.2715568542480469,-1.4502053260803223,PAPER
0.0,-0.18228131532669067,-0.14642269909381866,-0.15538734197616577,-0.08367010951042175,0.3316922187805176,0.600631833076477,0.7859013676643372,0.7470545768737793,0.4721384644508362,0.5020206570625305,0.7649838328361511,0.9203712344169617,0.5528203845024109,0.6424669027328491,1.0219706296920776,1.1534522771835327,0.5737379193305969,0.8964654803276062,1.0817350149154663,1.2042518854141235,0.0,-0.3047982454299927,-0.7082077264785767,-1.1474758386611938,-1.207240104675293,-1.051852822303772,-1.407450795173645,-1.5867438316345215,-1.11460542678833,-0.881524384021759,-1.0189824104309082,-1.2879220247268677,-1.4911209344863892,-1.0757585763931274,-0.8426775336265564,-1.1355229616165161,-1.3267688751220703,-0.37352728843688965,-0.5827025771141052,-0.7052195072174072,-0.8456657528877258,PAPER
0.0,-0.1175912469625473,-0.016798749566078186,0.18198645114898682,0.15958812832832336,0.4787643849849701,0.7251460552215576,0.921131432056427,0.755943775177002,0.6243535280227661,0.4507664442062378,0.6383525133132935,0.8035402297973633,0.554358720779419,0.5767570734024048,1.04152250289917,1.20391047000885,0.629953145980835,0.8959333300590515,1.1143170595169067,1.2823045253753662,0.0,-0.18478624522686005,-0.5347601771354675,-1.002325415611267,-0.90433269739151,-0.9407299757003784,-1.2319083213806152,-1.419494390487671,-0.7335454225540161,-0.7811418771743774,-0.8035402297973633,-1.167513132095337,-1.3690980672836304,-1.254306674003601,-0.652351438999176,-1.0275235176086426,-1.1983108520507812,-0.29397812485694885,-0.537559986114502,-0.6719499826431274,-0.8035402297973633,PAPER
0.0,0.23823893070220947,0.6306324601173401,0.8758784532546997,1.0930962562561035,0.7637659907341003,1.1736770868301392,1.4784828424453735,1.6116163730621338,0.6656675934791565,1.0860892534255981,1.4889934062957764,1.7307357788085938,0.6586605906486511,0.9914944171905518,1.3418457508087158,1.5590636730194092,0.5010024905204773,0.8373398184776306,1.0755786895751953,1.2612649202346802,0.0,-0.15065109729766846,-0.4449462592601776,-0.7182203531265259,-0.9669697880744934,-0.8093116879463196,-1.3663703203201294,-1.5765812397003174,-1.7237287759780884,-0.7462484240531921,-1.3173211812973022,-1.5310355424880981,-1.7692744731903076,-0.6586605906486511,-1.096599817276001,-1.2822860479354858,-1.4889934062957764,-0.4344356954097748,-0.707709789276123,-0.8338362574577332,-0.9914944171905518,PAPER
0.0,0.023816000670194626,0.27898743748664856,0.5205497145652771,0.6226183176040649,0.5613771677017212,0.9424331784248352,1.1737886667251587,1.2248228788375854,0.6226183176040649,0.9764560461044312,1.32008695602417,1.486798882484436,0.7178823351860046,1.037697196006775,1.3881325721740723,1.5378332138061523,0.6634457111358643,1.1159497499465942,1.3370983600616455,1.486798882484436,0.0,-0.2619760036468506,-0.6192160248756409,-0.9288240075111389,-1.1159497499465942,-0.9220194816589355,-1.289466381072998,-1.4085463285446167,-1.422155499458313,-0.7825257182121277,-1.1908000707626343,-1.3677189350128174,-1.5208218097686768,-0.6906639933586121,-0.9730537533760071,-1.071720004081726,-1.2248228788375854,-0.40146973729133606,-0.5954000353813171,-0.6702502965927124,-0.7825257182121277,PAPER
0.0,-0.057412296533584595,0.18371935188770294,0.3559562563896179,0.554985523223877,0.554985523223877,0.9951465129852295,1.3817226886749268,1.6458191871643066,0.6698101162910461,1.0984885692596436,1.6037168502807617,1.909915804862976,0.86883944272995,1.2094857692718506,1.7261964082717896,2.0132579803466797,0.8190821409225464,1.320482850074768,1.699404001235962,1.9749830961227417,0.0,-0.26792407035827637,-0.6851201057434082,-1.0602138042449951,-1.3511027097702026,-0.887976884841919,-1.5080296993255615,-1.8027461767196655,-1.7912636995315552,-0.7425323724746704,-1.3013454675674438,-1.622854232788086,-1.9596730470657349,-0.7310498952865601,-1.0028014183044434,-1.3166553974151611,-1.6113718748092651,-0.2717515528202057,-0.5473305583000183,-0.750187337398529,-0.9721815586090088,PAPER
0.0,0.58995521068573,1.1608796119689941,1.6518745422363281,1.9830107688903809,1.0999809503555298,1.4920157194137573,1.8193457126617432,1.8612135648727417,0.6394352912902832,0.9934084415435791,1.320738434791565,1.5719451904296875,0.23598207533359528,0.5100257992744446,0.7269770503044128,0.966765284538269,-0.11418487876653671,-0.16366499662399292,-0.10657255351543427,-0.022836975753307343,0.0,0.022836975753307343,-0.14082801342010498,-0.45293334126472473,-0.4986073076725006,-0.7117524147033691,-1.134236454963684,-1.415892481803894,-1.629037618637085,-0.7688448429107666,-1.1989412307739258,-1.5376896858215332,-1.7584471702575684,-0.7269770503044128,-1.1494611501693726,-1.4577603340148926,-1.6670992374420166,-0.6470476388931274,-1.0086331367492676,-1.23319673538208,-1.4349232912063599,PAPER
0.0,0.38552993535995483,0.8683781027793884,1.2539080381393433,1.5159186124801636,0.9132941961288452,1.3512262105941772,1.710555076599121,1.7030690908432007,0.6587696075439453,1.1041876077651978,1.5421197414398193,1.81910240650177,0.5277642607688904,0.8459200263023376,1.1753047704696655,1.4148573875427246,0.2694966495037079,0.467876136302948,0.6625126004219055,0.8159759640693665,0.0,-0.014972035773098469,-0.19837947189807892,-0.415473997592926,-0.4903341829776764,-0.7448588013648987,-1.1154166460037231,-1.3587123155593872,-1.5608347654342651,-0.7523447871208191,-1.1491037607192993,-1.4448014497756958,-1.68061101436615,-0.7261437177658081,-1.0480425357818604,-1.3100531101226807,-1.5421197414398193,-0.5651943683624268,-0.8122329711914062,-1.0255844593048096,-1.2314499616622925,PAPER
0.0,0.455305814743042,0.9513300061225891,1.291883945465088,1.5361944437026978,0.9735400676727295,1.3807240724563599,1.6657530069351196,1.654647946357727,0.6959145665168762,1.1290103197097778,1.491774320602417,1.7249797582626343,0.544145941734314,0.8328765034675598,1.114203691482544,1.325199007987976,0.21839872002601624,0.4442007839679718,0.6107760667800903,0.7514396905899048,0.0,0.0037016733549535275,-0.1998903602361679,-0.5219359397888184,-0.6218811273574829,-0.707019567489624,-1.114203691482544,-1.3326023817062378,-1.4769675731658936,-0.7181246280670166,-1.1179053783416748,-1.3844257593154907,-1.6065261363983154,-0.6663011908531189,-1.0216617584228516,-1.2659722566604614,-1.4732660055160522,-0.5145325660705566,-0.7921580672264099,-0.9698383808135986,-1.1475187540054321,PAPER
0.0,0.5777237415313721,1.1100549697875977,1.493828535079956,1.7909436225891113,1.0605357885360718,1.493828535079956,1.844589352607727,1.9106149673461914,0.6602557301521301,1.0564091205596924,1.4401828050613403,1.712538242340088,0.32600125670433044,0.6437492966651917,0.9408643841743469,1.1802071332931519,0.004126598127186298,0.09078516066074371,0.2269628942012787,0.3507608473300934,0.0,-0.012379794381558895,-0.23934268951416016,-0.6148631572723389,-0.734534502029419,-0.6850153207778931,-1.1265612840652466,-1.361777424812317,-1.605246663093567,-0.7510408759117126,-1.2008401155471802,-1.4401828050613403,-1.6382595300674438,-0.6932684779167175,-1.143067717552185,-1.3782838582992554,-1.5598541498184204,-0.6602557301521301,-1.0027633905410767,-1.1967134475708008,-1.3700306415557861,PAPER
0.0,0.5352518558502197,1.028746485710144,1.347619891166687,1.5943671464920044,0.9528241753578186,1.256513237953186,1.465299367904663,1.488076090812683,0.5883973836898804,0.8844941854476929,1.1236492395401,1.2868820428848267,0.2581356465816498,0.48969849944114685,0.6681157946586609,0.8199602961540222,-0.07212613523006439,-0.015184449031949043,0.06073779612779617,0.13666003942489624,0.0,0.01138833723962307,-0.1708250492811203,-0.44794124364852905,-0.5428440570831299,-0.7364457845687866,-1.1274453401565552,-1.3096587657928467,-1.4804837703704834,-0.8085719347000122,-1.233736515045166,-1.438726544380188,-1.6095516681671143,-0.7819991707801819,-1.2033675909042358,-1.3817849159240723,-1.5412216186523438,-0.7288535833358765,-1.0553191900253296,-1.214755892753601,-1.3590081930160522,PAPER
0.0,0.5105603933334351,0.9696974158287048,1.2268141508102417,1.4398536682128906,0.958678126335144,1.2598719596862793,1.4471999406814575,1.406795859336853,0.6538111567497253,0.9696974158287048,1.2047755718231201,1.3627187013626099,0.4040405750274658,0.6464649438858032,0.8227735757827759,0.9733704924583435,0.08815430849790573,0.21671268343925476,0.3048669993877411,0.38934820890426636,0.0,0.01836548186838627,-0.15794314444065094,-0.4554639458656311,-0.5142334699630737,-0.6868689656257629,-1.0762171745300293,-1.2708913087844849,-1.3737379312515259,-0.7566578388214111,-1.1129481792449951,-1.3406801223754883,-1.5353542566299438,-0.7603309154510498,-1.0872365236282349,-1.314968466758728,-1.4802577495574951,-0.6538111567497253,-0.9733704924583435,-1.131313681602478,-1.2782374620437622,PAPER
0.0,0.5212199687957764,0.9883875250816345,1.308841347694397,1.571381688117981,0.9304742217063904,1.266371488571167,1.5289119482040405,1.5482163429260254,0.606159508228302,0.9343350529670715,1.2277625799179077,1.4439723491668701,0.3358973264694214,0.6022986769676208,0.8223692774772644,1.0192745923995972,0.0540524423122406,0.13127021491527557,0.23551420867443085,0.3397582173347473,0.0,-0.00772177753970027,-0.20076622068881989,-0.5057764053344727,-0.5868551135063171,-0.7219861745834351,-1.1312403678894043,-1.3783372640609741,-1.5791034698486328,-0.7953431010246277,-1.189153790473938,-1.4632768630981445,-1.683347463607788,-0.7644559741020203,-1.1428231000900269,-1.4130853414535522,-1.606129765510559,-0.6910991072654724,-1.026996374130249,-1.2200407981872559,-1.3937808275222778,PAPER
0.0,-0.09295761585235596,0.02323940396308899,0.07967795431613922,0.19587497413158417,0.4614681601524353,0.7536206245422363,0.9860146641731262,0.8067392706871033,0.5477859377861023,0.6075444221496582,0.9494956135749817,1.152010440826416,0.6739426851272583,0.6839024424552917,1.1154913902282715,1.2881269454956055,0.5278664231300354,0.8432583212852478,1.05905282497406,1.2117688655853271,0.0,-0.23571394383907318,-0.5776651501655579,-0.9959744215011597,-0.9992943406105042,-0.9860146641731262,-1.3711247444152832,-1.5869191884994507,-0.9926545023918152,-0.8366185426712036,-0.9096566438674927,-1.225048542022705,-1.4674023389816284,-1.1686099767684937,-0.7503007054328918,-1.1420506238937378,-1.3478853702545166,-0.32203173637390137,-0.5444660186767578,-0.7038218975067139,-0.8664977550506592,PAPER
0.0,-0.15262648463249207,-0.1399076133966446,-0.21304114162921906,-0.12718874216079712,0.5119346380233765,0.7186163663864136,0.8648834228515625,0.5310129523277283,0.6645611524581909,0.21622085571289062,0.41336339712142944,0.5659898519515991,0.597787082195282,0.31161239743232727,0.8903211355209351,1.023869276046753,0.4578794538974762,0.7313352227210999,0.938016951084137,1.0938231945037842,0.0,-0.29253408312797546,-0.6486625671386719,-1.0906434059143066,-0.9825329780578613,-0.9666343927383423,-1.3291223049163818,-1.5421634912490845,-0.5373724102973938,-0.7472338080406189,-0.7726715803146362,-1.0811042785644531,-1.3227628469467163,-1.3990761041641235,-0.6041464805603027,-0.9857127070426941,-1.1701363325119019,-0.17170479893684387,-0.3465892970561981,-0.4992157816886902,-0.6486625671386719,PAPER
0.0,0.5308851003646851,1.0126968622207642,1.329443335533142,1.6149613857269287,0.9234724044799805,1.2536026239395142,1.5168145895004272,1.476663589477539,0.5085790157318115,0.8297868371009827,1.1509946584701538,1.3829779624938965,0.2498282790184021,0.3836648762226105,0.5933421850204468,0.7851746082305908,-0.17844878137111664,-0.1962936520576477,-0.12491413950920105,-0.049073413014411926,0.0,-0.07584072649478912,-0.32120779156684875,-0.6156482696533203,-0.7494848370552063,-0.8208643794059753,-1.2669862508773804,-1.57481050491333,-1.7086470127105713,-0.8610153198242188,-1.2625250816345215,-1.6060389280319214,-1.8781733512878418,-0.8610153198242188,-1.1777619123458862,-1.5168145895004272,-1.771104097366333,-0.6870278120040894,-0.9993131160736084,-1.240218997001648,-1.4632799625396729,PAPER
0.0,0.4221647083759308,0.8240330219268799,1.0919452905654907,1.3436203002929688,0.8362108469009399,1.1244194507598877,1.339561104774475,1.2746126651763916,0.5358244180679321,0.8199737668037415,1.0797674655914307,1.2664941549301147,0.3612755537033081,0.5195873379707336,0.6697805523872375,0.8402701020240784,0.04871131107211113,0.06900769472122192,0.12177827954292297,0.19890452921390533,0.0,-0.0649484172463417,-0.3409791886806488,-0.7469067573547363,-0.8768036365509033,-0.8321515917778015,-1.2867904901504517,-1.5628212690353394,-1.6805402040481567,-0.8443294167518616,-1.2461977005004883,-1.5912362337112427,-1.814496397972107,-0.8321515917778015,-1.1487751007080078,-1.4694578647613525,-1.676481008529663,-0.604832112789154,-0.9579891562461853,-1.1447157859802246,-1.3192646503448486,PAPER
0.0,0.5111060738563538,0.9733237028121948,1.2710984945297241,1.5199849605560303,0.8933244943618774,1.1199889183044434,1.3155425786972046,1.3510977029800415,0.46666204929351807,0.697770893573761,0.8977689146995544,1.0444340705871582,0.10666561126708984,0.2177756279706955,0.3155524432659149,0.45777323842048645,-0.2977748215198517,-0.40444043278694153,-0.3955516517162323,-0.36888524889945984,0.0,-0.09333240985870361,-0.346663236618042,-0.6222160458564758,-0.7733256816864014,-0.8266584873199463,-1.2977648973464966,-1.5422070026397705,-1.7110941410064697,-0.8844357132911682,-1.377764105796814,-1.6666501760482788,-1.8844257593154907,-0.8533248901367188,-1.3110980987548828,-1.568873405456543,-1.7733157873153687,-0.7555480599403381,-1.1244332790374756,-1.333320140838623,-1.515540599822998,PAPER
0.0,0.47684603929519653,0.8956412672996521,1.210774302482605,1.4346846342086792,0.8375904560089111,1.0366218090057373,1.2315067052841187,1.235653281211853,0.41879522800445557,0.6136801242828369,0.8044185638427734,0.9495456218719482,0.08292974531650543,0.1824454516172409,0.24464274942874908,0.3980627954006195,-0.2570822238922119,-0.4229417145252228,-0.45196712017059326,-0.42708820104599,0.0,-0.062197308987379074,-0.3275724947452545,-0.7173423171043396,-0.8210045099258423,-0.8624693751335144,-1.2646785974502563,-1.4968819618225098,-1.7124992609024048,-0.9080807566642761,-1.3310225009918213,-1.6585949659347534,-1.836893916130066,-0.8458834290504456,-1.2605321407318115,-1.5259073972702026,-1.7000597715377808,-0.7173423171043396,-1.0988191366195679,-1.2771180868148804,-1.4346846342086792,PAPER
0.0,0.3021993339061737,0.5165500044822693,0.685219407081604,0.836319088935852,0.1054183691740036,0.02108367346227169,-0.04216734692454338,-0.0527091845870018,-0.158127561211586,-0.12298809736967087,-0.14055782556533813,-0.17921122908592224,-0.28111565113067627,-0.38653403520584106,-0.5446615815162659,-0.5903428792953491,-0.5270918607711792,-0.7203588485717773,-0.8328050971031189,-0.9136258959770203,0.0,-0.16515544056892395,-0.4357292652130127,-0.685219407081604,-0.7590122818946838,-1.0401278734207153,-1.3809806108474731,-1.5637058019638062,-1.4266619682312012,-0.9874187111854553,-1.2158252000808716,-1.475857138633728,-1.6761521100997925,-1.0120162963867188,-1.068239450454712,-1.3317854404449463,-1.5250524282455444,-0.600884735584259,-0.8222633004188538,-0.9417374134063721,-1.0858092308044434,PAPER
0.0,0.28513702750205994,0.47522836923599243,0.6265974044799805,0.7498047947883606,0.028161682188510895,-0.08800525218248367,-0.16897009313106537,-0.14432862401008606,-0.22177323698997498,-0.1337679922580719,-0.17249029874801636,-0.23233386874198914,-0.31329870223999023,-0.3837029039859772,-0.6019559502601624,-0.6653197407722473,-0.5245113372802734,-0.7286835312843323,-0.858931303024292,-0.9504567384719849,0.0,-0.16897009313106537,-0.436506062746048,-0.6794005632400513,-0.7322037220001221,-1.0349417924880981,-1.3658415079116821,-1.555932879447937,-1.3588011264801025,-0.9750982522964478,-1.1651896238327026,-1.4397659301757812,-1.6439381837844849,-1.0349417924880981,-1.0208609104156494,-1.3024778366088867,-1.4996095895767212,-0.5737942457199097,-0.7885270714759827,-0.9117344617843628,-1.052542805671692,PAPER
0.0,0.3170666992664337,0.521155595779419,0.630488932132721,0.8163555860519409,0.11297778785228729,0.01093333400785923,-0.07653333991765976,-0.054666668176651,-0.15671111643314362,-0.13848890364170074,-0.19680000841617584,-0.2769778072834015,-0.3389333486557007,-0.40088891983032227,-0.6049777865409851,-0.6778666973114014,-0.5102222561836243,-0.7143111228942871,-0.8528000712394714,-0.9548444747924805,0.0,-0.17493334412574768,-0.45920002460479736,-0.688800036907196,-0.8418667316436768,-1.0605334043502808,-1.4213334321975708,-1.6108444929122925,-1.5707556009292603,-0.9876444935798645,-1.2937778234481812,-1.5561778545379639,-1.7748445272445679,-0.9803556203842163,-1.1297777891159058,-1.3666667938232422,-1.5707556009292603,-0.5940445065498352,-0.8054222464561462,-0.9366222620010376,-1.0860445499420166,PAPER
0.0,0.22110459208488464,0.39343610405921936,0.5072399377822876,0.715338408946991,-0.003251538146287203,-0.12355844676494598,-0.17883460223674774,-0.13006152212619781,-0.2341107428073883,-0.13331305980682373,-0.1495707482099533,-0.22110459208488464,-0.32840535044670105,-0.3414115011692047,-0.5657676458358765,-0.6340499520301819,-0.47472456097602844,-0.6828230023384094,-0.8063814640045166,-0.8974245190620422,0.0,-0.16907998919487,-0.4194484353065491,-0.6698168516159058,-0.7120868563652039,-1.053498387336731,-1.3656460046768188,-1.5509836673736572,-1.2843575477600098,-0.9722099304199219,-1.1022714376449585,-1.3656460046768188,-1.5542352199554443,-1.056749939918518,-0.9592037796974182,-1.2583452463150024,-1.4436829090118408,-0.5234976410865784,-0.7283445596694946,-0.8649091720581055,-1.011228322982788,PAPER
0.0,0.26380303502082825,0.4511414170265198,0.5773081183433533,0.795232355594635,0.0955808088183403,-0.022939395159482956,-0.10322727262973785,-0.06117171794176102,-0.16439899802207947,-0.2523333430290222,-0.32879799604415894,-0.4282020330429077,-0.3976161777973175,-0.4970202147960663,-0.6805353760719299,-0.7684696912765503,-0.5237828493118286,-0.772292971611023,-0.9328687191009521,-1.0475656986236572,0.0,-0.17204545438289642,-0.4587878882884979,-0.7340606451034546,-0.886989951133728,-1.0590354204177856,-1.475767731666565,-1.6975152492523193,-1.7242778539657593,-0.9863939881324768,-1.3496010303497314,-1.6401667594909668,-1.869560718536377,-0.9213989973068237,-1.1622626781463623,-1.4451818466186523,-1.659282922744751,-0.5543686747550964,-0.8067020177841187,-0.9711010456085205,-1.1431465148925781,PAPER
0.0,0.2506762444972992,0.4227823317050934,0.5238011479377747,0.7482873201370239,0.0037414366379380226,-0.1421745866537094,-0.2282276302576065,-0.1571403443813324,-0.24693481624126434,-0.2431933879852295,-0.3067978024482727,-0.41155803203582764,-0.42652377486228943,-0.46767958998680115,-0.7146143913269043,-0.8118917346000671,-0.5275425910949707,-0.7819602489471436,-0.9465834498405457,-1.0663094520568848,0.0,-0.1721060872077942,-0.456455260515213,-0.7445458769798279,-0.8455646634101868,-1.0476022958755493,-1.4292287826538086,-1.6462321281433105,-1.556437611579895,-0.9690321087837219,-1.2533812522888184,-1.5377304553985596,-1.7509924173355103,-0.9690321087837219,-1.0850166082382202,-1.3768486976623535,-1.5826276540756226,-0.5387668609619141,-0.7782188057899475,-0.9428420662879944,-1.1037237644195557,PAPER
0.0,0.24466776847839355,0.45671316981315613,0.6646807789802551,0.860414981842041,0.14272285997867584,-0.012233388610184193,-0.10194490849971771,-0.06932253390550613,-0.1345672756433487,-0.30583471059799194,-0.4037018120288849,-0.5138023495674133,-0.383312851190567,-0.5708914399147034,-0.766625702381134,-0.8522593975067139,-0.5464246869087219,-0.8563371896743774,-1.052071452140808,-1.1866387128829956,0.0,-0.18757861852645874,-0.4893355369567871,-0.7625479102134705,-0.9745932817459106,-1.052071452140808,-1.5373291969299316,-1.7901525497436523,-1.9736533164978027,-0.9909044504165649,-1.50062894821167,-1.8105415105819702,-2.0552093982696533,-0.8563371896743774,-1.292661428451538,-1.561795949935913,-1.802385926246643,-0.5668136477470398,-0.8726484179496765,-1.052071452140808,-1.239650011062622,PAPER
0.0,0.22950731217861176,0.4273584485054016,0.6133385300636292,0.7834904789924622,0.17806601524353027,0.06726938486099243,0.0,-0.011871067807078362,-0.0751834288239479,-0.2572064697742462,-0.35613203048706055,-0.44318655133247375,-0.3086477816104889,-0.5104559063911438,-0.6608228087425232,-0.7280921936035156,-0.46297165751457214,-0.747877299785614,-0.9140722155570984,-1.0248688459396362,0.0,-0.16619494557380676,-0.45110058784484863,-0.7083070874214172,-0.9140722155570984,-1.064439058303833,-1.511582612991333,-1.713390827178955,-1.8716716766357422,-0.9971697330474854,-1.4443132877349854,-1.7173478603363037,-1.9270700216293335,-0.8388888239860535,-1.2266770601272583,-1.464098334312439,-1.6579924821853638,-0.5539831519126892,-0.8230606913566589,-0.9615564942359924,-1.1158803701400757,PAPER
0.0,0.23410479724407196,0.44730737805366516,0.610344648361206,0.7524797320365906,0.313533216714859,0.2132025808095932,0.14631550014019012,0.11287195980548859,0.04180442914366722,-0.12123284488916397,-0.22574391961097717,-0.313533216714859,-0.2048417031764984,-0.39714208245277405,-0.5769011378288269,-0.6396077275276184,-0.3804202973842621,-0.6855926513671875,-0.8737125396728516,-0.9907649755477905,0.0,-0.18811993300914764,-0.4849313795566559,-0.7441188097000122,-0.9782236218452454,-1.0701934099197388,-1.5718464851379395,-1.7975903749465942,-2.0107929706573486,-0.9991258382797241,-1.530042052268982,-1.8310339450836182,-2.0525975227355957,-0.8360885977745056,-1.2917568683624268,-1.5342224836349487,-1.7390642166137695,-0.5518184304237366,-0.8402690291404724,-0.9824040532112122,-1.1412608623504639,PAPER
0.0,0.2582312822341919,0.4868294596672058,0.6519281268119812,0.8000936508178711,0.3640637695789337,0.3005642890930176,0.2539979815483093,0.2031983882188797,0.10159919410943985,-0.03386639803647995,-0.11853238940238953,-0.1777985841035843,-0.1354655921459198,-0.3090308904647827,-0.4444964528083801,-0.4783628582954407,-0.3259640634059906,-0.5884286761283875,-0.7408274412155151,-0.8254934549331665,0.0,-0.16933198273181915,-0.45296305418014526,-0.7111943364143372,-0.9270926117897034,-1.058324933052063,-1.5409210920333862,-1.7610526084899902,-1.9430845975875854,-0.9948254227638245,-1.4943547248840332,-1.7949190139770508,-2.0150506496429443,-0.8424266576766968,-1.2699898481369019,-1.5197545289993286,-1.722952961921692,-0.5672621726989746,-0.8508932590484619,-0.9948254227638245,-1.1514575481414795,PAPER
0.0,0.26718926429748535,0.48697397112846375,0.620568573474884,0.7498537302017212,0.3619983494281769,0.3016652762889862,0.25857025384902954,0.2154752016067505,0.09480909258127213,-0.04309504106640816,-0.11635661125183105,-0.17238016426563263,-0.16376115381717682,-0.3189032971858978,-0.4524979293346405,-0.48697397112846375,-0.33614131808280945,-0.6033305525779724,-0.758472740650177,-0.8446627855300903,0.0,-0.155142143368721,-0.4395694136619568,-0.715377688407898,-0.904995858669281,-1.05582857131958,-1.5341835021972656,-1.7668967247009277,-1.9306578636169434,-0.9954954385757446,-1.4824694395065308,-1.801372766494751,-2.0254669189453125,-0.861900806427002,-1.2713037729263306,-1.538493037223816,-1.7453491687774658,-0.5817830562591553,-0.8705198168754578,-1.0170429944992065,-1.1764945983886719,PAPER
0.0,0.2882166802883148,0.5324680805206299,0.6839039325714111,0.8304548263549805,0.390802264213562,0.2882166802883148,0.2295963317155838,0.2637915313243866,0.08304548263549805,-0.05862033739686012,-0.0977005660533905,-0.1660909652709961,-0.21005621552467346,-0.3712621331214905,-0.503157913684845,-0.5520082116127014,-0.4543076157569885,-0.7083290815353394,-0.8695350289344788,-0.977005660533905,0.0,-0.19051609933376312,-0.47873276472091675,-0.6887890100479126,-0.9183853268623352,-1.0405110120773315,-1.5876342058181763,-1.8856209516525269,-2.090792179107666,-0.9965457320213318,-1.607174277305603,-1.95401132106781,-2.2324578762054443,-0.8890751600265503,-1.4068881273269653,-1.690219759941101,-1.95401132106781,-0.6399387121200562,-0.977005660533905,-1.177291750907898,-1.3775780200958252,PAPER
0.0,0.2849881947040558,0.5224783420562744,0.6697222590446472,0.8264657855033875,0.36573484539985657,0.2612391710281372,0.21374115347862244,0.24223996698856354,0.07124704867601395,-0.08074665814638138,-0.10449567437171936,-0.16149331629276276,-0.21374115347862244,-0.375234454870224,-0.47973012924194336,-0.5177285671234131,-0.44648149609565735,-0.6839717030525208,-0.8264657855033875,-0.9167120456695557,0.0,-0.18524232506752014,-0.4702305197715759,-0.6744720935821533,-0.9024626016616821,-1.0449566841125488,-1.5769346952438354,-1.8571730852127075,-2.0566649436950684,-0.9974586963653564,-1.6006836891174316,-1.9189205169677734,-2.1754097938537598,-0.883463442325592,-1.396442174911499,-1.6576813459396362,-1.9046710729599,-0.6412234306335449,-0.9689598679542542,-1.1494524478912354,-1.3394445180892944,PAPER
0.0,0.28519725799560547,0.5268898606300354,0.6719053983688354,0.8362563848495483,0.391541987657547,0.28519725799560547,0.24169258773326874,0.28036341071128845,0.09184318780899048,-0.05317236855626106,-0.07734163105487823,-0.1353478580713272,-0.20302177965641022,-0.3625388741493225,-0.4688836336135864,-0.5075544714927673,-0.4302128255367279,-0.6767392754554749,-0.8265886902809143,-0.91843181848526,0.0,-0.1643509566783905,-0.43988052010536194,-0.6235668659210205,-0.8604256510734558,-1.0392781496047974,-1.5951710939407349,-1.8803683519363403,-2.088223934173584,-0.9957734942436218,-1.6241742372512817,-1.952876091003418,-2.2139041423797607,-0.8845948576927185,-1.4259862899780273,-1.6870143413543701,-1.938374638557434,-0.6429023146629333,-0.9812719225883484,-1.1697921752929688,-1.3583123683929443,PAPER
0.0,0.24946071207523346,0.46390941739082336,0.6039575338363647,0.7308761477470398,0.33261430263519287,0.23195470869541168,0.18818967044353485,0.18818967044353485,0.06564755737781525,-0.08753007650375366,-0.14004811644554138,-0.20569567382335663,-0.1925661712884903,-0.363249808549881,-0.49016842246055603,-0.525180459022522,-0.3676263093948364,-0.6302165389060974,-0.7790176868438721,-0.8665477633476257,0.0,-0.15755413472652435,-0.4157678484916687,-0.6214635372161865,-0.8359122276306152,-1.0547374486923218,-1.584294319152832,-1.8074960708618164,-1.9825562238693237,-0.9978428483009338,-1.5536588430404663,-1.8250020742416382,-2.035074234008789,-0.853418231010437,-1.3348336219787598,-1.5580353736877441,-1.754978060722351,-0.5952045321464539,-0.9015597701072693,-1.0328549146652222,-1.1860325336456299,PAPER
0.0,0.3165469467639923,0.5376273393630981,0.6632412075996399,0.8190023899078369,0.271325945854187,0.17585940659046173,0.09546653926372528,0.16581030189990997,-0.015073663555085659,-0.21605585515499115,-0.3215714991092682,-0.3919152617454529,-0.3165469467639923,-0.5225536823272705,-0.658216655254364,-0.7134867906570435,-0.5074800252914429,-0.7938796281814575,-0.9546653628349304,-1.050131916999817,0.0,-0.2261049598455429,-0.5627501010894775,-0.8039287328720093,-1.085303783416748,-1.0802792310714722,-1.632980227470398,-1.9143552780151367,-2.0801656246185303,-0.9998863935470581,-1.592783808708191,-1.9394780397415161,-2.245975971221924,-0.8943707346916199,-1.3264824151992798,-1.6128820180892944,-1.8842079639434814,-0.5627501010894775,-0.8441252112388611,-1.0199846029281616,-1.2209668159484863,PAPER
0.0,0.2547224164009094,0.4533195495605469,0.6389647126197815,0.8116578459739685,0.19427980482578278,0.10793322324752808,0.06044260412454605,0.0518079474568367,-0.07339458912611008,-0.2547224164009094,-0.3324343264102936,-0.3971942663192749,-0.33675166964530945,-0.5180794596672058,-0.6432819962501526,-0.6950899362564087,-0.49649283289909363,-0.7857538461685181,-0.945495069026947,-1.0491108894348145,0.0,-0.13383719325065613,-0.4015115797519684,-0.6735033392906189,-0.8505138158798218,-1.070697546005249,-1.5412864685058594,-1.791691541671753,-1.96438467502594,-0.9973030090332031,-1.4722092151641846,-1.8132781982421875,-2.0507311820983887,-0.8375617861747742,-1.2520253658294678,-1.5456037521362305,-1.7701048851013184,-0.5439834594726562,-0.8332445025444031,-1.010254979133606,-1.182948112487793,PAPER
0.0,0.3096919655799866,0.5443071126937866,0.7319992184638977,0.9149990081787109,0.24399973452091217,0.15015368163585663,0.07507684081792831,0.09384605288505554,-0.0328461192548275,-0.2205382138490677,-0.3190765678882599,-0.37538421154022217,-0.29092276096343994,-0.52553790807724,-0.6522300243377686,-0.6944607496261597,-0.5208455920219421,-0.8023837208747864,-0.966614305973053,-1.0604603290557861,0.0,-0.1642305850982666,-0.459845632314682,-0.6944607496261597,-0.9243835806846619,-1.0416911840438843,-1.548459768295288,-1.8112287521362305,-1.9942286014556885,-0.9994604587554932,-1.539075255393982,-1.8675364255905151,-2.1443822383880615,-0.8821528553962708,-1.3185369968414307,-1.585998296737671,-1.8346903324127197,-0.6006147265434265,-0.8868451714515686,-1.05107581615448,-1.2387678623199463,PAPER
0.0,0.21911917626857758,0.4163264334201813,0.6179161071777344,0.7800642848014832,0.10517720878124237,-0.08764766901731491,-0.18406011164188385,-0.12270674109458923,-0.166530579328537,-0.3725025951862335,-0.4732974171638489,-0.5784746408462524,-0.3987969160079956,-0.6310632228851318,-0.8238881230354309,-0.9115357995033264,-0.6003865599632263,-0.9159181714057922,-1.1131254434585571,-1.2445969581604004,0.0,-0.18406011164188385,-0.4732974171638489,-0.7187108993530273,-0.9071533679962158,-1.038624882698059,-1.5119223594665527,-1.766100525856018,-1.9238663911819458,-0.9860363006591797,-1.4987751245498657,-1.8143067359924316,-2.0641026496887207,-0.8808590769767761,-1.292803168296814,-1.5601285696029663,-1.8055419921875,-0.5828570127487183,-0.8720943331718445,-1.0473896265029907,-1.2314497232437134,PAPER
0.0,0.23720714449882507,0.3745375871658325,0.4400816559791565,0.5711697936058044,-0.11236127465963364,-0.24657057225704193,-0.32772037386894226,-0.2684186100959778,-0.33396267890930176,-0.07802866399288177,-0.10611898452043533,-0.1841476410627365,-0.34020498394966125,-0.2809031903743744,-0.5961390137672424,-0.6679253578186035,-0.48065656423568726,-0.6710464954376221,-0.7958923578262329,-0.8864056468009949,0.0,-0.1779053509235382,-0.4151124954223633,-0.6460773348808289,-0.6367139220237732,-1.0393418073654175,-1.2921546697616577,-1.445090889930725,-1.017493724822998,-0.9425862431526184,-0.9519497156143188,-1.2110048532485962,-1.3764256238937378,-1.1080070734024048,-0.827103853225708,-1.1298550367355347,-1.2890335321426392,-0.48689886927604675,-0.6679253578186035,-0.7709231972694397,-0.8864056468009949,PAPER
0.0,0.17110976576805115,0.29876306653022766,0.42098432779312134,0.4535766541957855,-0.18468989431858063,-0.325923353433609,-0.3748118579387665,-0.27975088357925415,-0.3965400755405426,-0.019012195989489555,-0.029876306653022766,-0.0896289199590683,-0.3232073187828064,-0.20370209217071533,-0.5676498413085938,-0.6219704151153564,-0.46444079279899597,-0.6735749244689941,-0.7930801510810852,-0.8799930810928345,0.0,-0.1602456420660019,-0.3802439272403717,-0.69258713722229,-0.5459216237068176,-0.9940662384033203,-1.2113484144210815,-1.3525819778442383,-0.6871550679206848,-0.9180174469947815,-0.749623715877533,-1.026658535003662,-1.1651760339736938,-1.2113484144210815,-0.6762909889221191,-1.0538188219070435,-1.1950522661209106,-0.45629268884658813,-0.6681428551673889,-0.7659198641777039,-0.8718449473381042,PAPER
0.0,0.26303836703300476,0.43839728832244873,0.4877169728279114,0.5863564014434814,0.3123580813407898,0.33975788950920105,0.32879796624183655,0.36167776584625244,0.16439898312091827,0.19179882109165192,0.20275874435901642,0.20275874435901642,0.010959932580590248,0.05479966104030609,0.05479966104030609,0.06027962639927864,-0.09315942227840424,-0.08219949156045914,-0.10411935299634933,-0.09863939136266708,0.0,-0.20823870599269867,-0.5425166487693787,-0.7781552076339722,-0.9918738603591919,-0.9973538517951965,-1.501510739326477,-1.8248287439346313,-2.0495073795318604,-0.986393928527832,-1.5782302618026733,-1.9015482664108276,-2.202946424484253,-0.9754339456558228,-1.4686309099197388,-1.7426291704177856,-2.0221076011657715,-0.7945950627326965,-1.1288729906082153,-1.3699915409088135,-1.5837101936340332,PAPER
0.0,0.15991416573524475,0.2238798290491104,0.19722746312618256,0.22921030223369598,0.18123604357242584,0.1705751121044159,0.1492532193660736,0.18123604357242584,0.07995708286762238,0.0746266096830368,0.06396566331386566,0.0373133048415184,-0.04264377802610397,0.010660944506525993,-0.04264377802610397,-0.047974247485399246,-0.06396566331386566,-0.10127896815538406,-0.1492532193660736,-0.15991416573524475,0.0,-0.3358197510242462,-0.7782489061355591,-1.0980771780014038,-1.3272875547409058,-1.0874162912368774,-1.5884807109832764,-1.9349613189697266,-2.052231788635254,-0.9967982769012451,-1.5991415977478027,-1.9402917623519897,-2.2494592666625977,-1.0074591636657715,-1.4338970184326172,-1.7110815048217773,-1.9989269971847534,-0.7142832279205322,-1.0341116189956665,-1.2739827632904053,-1.4925321340560913,PAPER
0.0,0.06121174246072769,0.09181760996580124,0.06121174246072769,0.1275244653224945,0.07141369581222534,0.040807828307151794,0.02550489269196987,0.08161565661430359,0.020403914153575897,0.030605871230363846,0.020403914153575897,-0.005100978538393974,-0.05611076205968857,0.020403914153575897,-0.05100978538393974,-0.05611076205968857,0.0,-0.05100978538393974,-0.09691859036684036,-0.10712055116891861,0.0,-0.3213616609573364,-0.7345408797264099,-1.0763064622879028,-1.1987299919128418,-1.112013339996338,-1.5455964803695679,-1.8720591068267822,-1.7394336462020874,-0.9997918009757996,-1.4027690887451172,-1.7445346117019653,-2.0301895141601562,-1.1273162364959717,-1.2548407316207886,-1.576202392578125,-1.8516552448272705,-0.6580262184143066,-0.9283781051635742,-1.1528211832046509,-1.3568602800369263,PAPER
0.0,0.015075186267495155,0.020100248977541924,-0.010050124488770962,0.06030074506998062,0.025125309824943542,-0.005025062244385481,-0.010050124488770962,0.05527568235993385,0.005025062244385481,0.015075186267495155,0.005025062244385481,-0.010050124488770962,-0.050250619649887085,0.04020049795508385,-0.025125309824943542,-0.020100248977541924,0.05527568235993385,0.0,-0.03517543524503708,-0.04020049795508385,0.0,-0.3366791605949402,-0.7537593245506287,-1.1055136919021606,-1.20601487159729,-1.1256139278411865,-1.5326439142227173,-1.8441977500915527,-1.6632955074310303,-0.9999873638153076,-1.3617918491363525,-1.698470950126648,-1.9698243141174316,-1.1507391929626465,-1.2160650491714478,-1.5225938558578491,-1.7889220714569092,-0.6381828784942627,-0.8944610357284546,-1.100488543510437,-1.2914409637451172,PAPER
0.0,0.10302573442459106,0.13393345475196838,0.09787444770336151,0.16999246180057526,0.03605900704860687,-0.010302573442459106,-0.03605900704860687,0.01545386016368866,-0.03605900704860687,-0.01545386016368866,-0.03090772032737732,-0.056664153933525085,-0.11332830786705017,-0.04636158049106598,-0.12878216803073883,-0.13908474147319794,-0.09272316098213196,-0.14938731491565704,-0.19059760868549347,-0.20605146884918213,0.0,-0.30392593145370483,-0.6902724504470825,-0.9890470504760742,-1.1332831382751465,-1.0972241163253784,-1.5299321413040161,-1.8596144914627075,-1.766891360282898,-0.9993496537208557,-1.3959987163543701,-1.7462862730026245,-2.039909601211548,-1.1023753881454468,-1.2569140195846558,-1.5917476415634155,-1.8647658824920654,-0.6696673035621643,-0.9478367567062378,-1.174493432044983,-1.380544900894165,PAPER
0.0,0.056572940200567245,0.07543058693408966,0.014143235050141811,0.09428823739290237,0.028286470100283623,-0.009428823366761208,-0.018857646733522415,-0.004714411683380604,-0.0330008827149868,-0.014143235050141811,-0.009428823366761208,-0.014143235050141811,-0.0660017654299736,-0.03771529346704483,-0.09428823739290237,-0.08485941588878632,-0.051858529448509216,-0.11786029487848282,-0.14143235981464386,-0.146146759390831,0.0,-0.30172234773635864,-0.6694464683532715,-0.9900264739990234,-1.051313877105713,-1.1126011610031128,-1.4897540807724,-1.7820476293563843,-1.4850397109985352,-0.9994552731513977,-1.2116038799285889,-1.5604703426361084,-1.82919180393219,-1.1738885641098022,-1.0843147039413452,-1.4473243951797485,-1.6971882581710815,-0.6128735542297363,-0.8533085584640503,-1.0465993881225586,-1.2304614782333374,PAPER
0.0,0.11350688338279724,0.12972214818000793,0.048645809292793274,0.08648143708705902,0.10269670933485031,0.048645809292793274,0.032430537045001984,0.032430537045001984,0.010810179635882378,-0.021620359271764755,-0.010810179635882378,-0.021620359271764755,-0.05405089631676674,-0.08107634633779526,-0.118911974132061,-0.11350688338279724,-0.08648143708705902,-0.15674760937690735,-0.19998832046985626,-0.2107985019683838,0.0,-0.33511555194854736,-0.751307487487793,-1.064802646636963,-1.2701960802078247,-1.0918281078338623,-1.5728811025619507,-1.907996654510498,-1.9188069105148315,-0.9999415874481201,-1.453969120979309,-1.8215152025222778,-2.107985019683838,-1.0107518434524536,-1.2972215414047241,-1.6269320249557495,-1.8863763809204102,-0.6810413002967834,-0.9837263226509094,-1.194524884223938,-1.3891080617904663,PAPER
0.0,0.215111643075943,0.2485734522342682,0.15296828746795654,0.0908249169588089,0.10994595289230347,0.038242071866989136,-0.02390129305422306,-0.06692362576723099,-0.04302233085036278,-0.0908249169588089,-0.1577485352754593,-0.22945241630077362,-0.14340776205062866,-0.22945241630077362,-0.32505759596824646,-0.36807993054389954,-0.29159578680992126,-0.36807993054389954,-0.430223286151886,-0.47324562072753906,0.0,-0.3632996678352356,-0.8126440048217773,-1.156822681427002,-1.3814947605133057,-1.0755581855773926,-1.4962209463119507,-1.7017720937728882,-1.773476004600525,-0.9990741014480591,-1.4197368621826172,-1.6635301113128662,-1.8643009662628174,-0.9178096652030945,-1.2476475238800049,-1.4723197221755981,-1.6444090604782104,-0.6835770010948181,-0.9847332835197449,-1.1377016305923462,-1.2667685747146606,PAPER
0.0,0.306740939617157,0.5024204850196838,0.5447295904159546,0.5976159572601318,0.38607048988342285,0.35962730646133423,0.35962730646133423,0.354338675737381,0.14808183908462524,0.12692728638648987,0.14808183908462524,0.13750456273555756,-0.06875228136777878,-0.11106137186288834,-0.12692728638648987,-0.12163864821195602,-0.29087501764297485,-0.35962730646133423,-0.3913591206073761,-0.401936411857605,0.0,-0.1427931934595108,-0.3913591206073761,-0.5341523289680481,-0.7192546129226685,-0.9678205251693726,-1.4279319047927856,-1.6817865371704102,-1.8827546834945679,-0.9889751076698303,-1.4913955926895142,-1.7716933488845825,-2.014970541000366,-0.9255114793777466,-1.3856228590011597,-1.6394773721694946,-1.8668887615203857,-0.7932955026626587,-1.1106137037277222,-1.306293249130249,-1.4861069917678833,PAPER
0.0,0.2974849045276642,0.5375604033470154,0.6523791551589966,0.7828549742698669,0.42796072363853455,0.4383987784385681,0.4697129726409912,0.4749320149421692,0.19310422241687775,0.19832326471805573,0.24529455602169037,0.2713897228240967,-0.005219032987952232,-0.04697129875421524,-0.036533232778310776,0.0,-0.22963745892047882,-0.30792295932769775,-0.3287990987300873,-0.3287990987300873,0.0,-0.09916163235902786,-0.3235800564289093,-0.4697129726409912,-0.6367220282554626,-0.9498640298843384,-1.4039199352264404,-1.685747742652893,-1.9049471616744995,-0.9811782240867615,-1.4665483236312866,-1.7796902656555176,-2.040642023086548,-0.9289879202842712,-1.3726056814193726,-1.6544334888458252,-1.8997280597686768,-0.7932930588722229,-1.1064350605010986,-1.3204153776168823,-1.5187386274337769,PAPER
0.0,0.30625662207603455,0.4728962182998657,0.477400004863739,0.5269415378570557,0.33778300881385803,0.3467905819416046,0.32427170872688293,0.30175283551216125,0.1351132094860077,0.16213585436344147,0.16213585436344147,0.1396169811487198,-0.022518867626786232,-0.045037735253572464,-0.09007547050714493,-0.09908302128314972,-0.2341962307691574,-0.27473020553588867,-0.31076037883758545,-0.32877546548843384,0.0,-0.2432037740945816,-0.5899943709373474,-0.8467094302177429,-1.0403716564178467,-1.00434148311615,-1.4231925010681152,-1.6258622407913208,-1.7159377336502075,-0.9908301830291748,-1.4006736278533936,-1.6393736600875854,-1.842043399810791,-0.9457924365997314,-1.2835755348205566,-1.513267993927002,-1.6889151334762573,-0.7656415104866028,-1.076401948928833,-1.2295302152633667,-1.3691471815109253,PAPER
0.0,0.34947818517684937,0.6448118686676025,0.797400951385498,0.9598344564437866,0.5611339807510376,0.6595785617828369,0.7629453539848328,0.7924786806106567,0.2805669903755188,0.3691670894622803,0.4823783338069916,0.5512895584106445,0.02461113967001438,0.06398896127939224,0.12797792255878448,0.21165579557418823,-0.22150026261806488,-0.2805669903755188,-0.2658002972602844,-0.23626694083213806,0.0,-0.06891119480133057,-0.2854892313480377,-0.47745612263679504,-0.6300451755523682,-0.910612165927887,-1.3093125820159912,-1.5062017440795898,-1.6932463645935059,-0.9598344564437866,-1.3683793544769287,-1.5898796319961548,-1.7867687940597534,-0.9056899547576904,-1.289623737335205,-1.5012794733047485,-1.6834019422531128,-0.7924786806106567,-1.0878124237060547,-1.2502459287643433,-1.4077571630477905,PAPER
0.0,0.3886992037296295,0.6986080408096313,0.8824522495269775,1.0295276641845703,0.625070333480835,0.7563876509666443,0.9034630060195923,0.898210346698761,0.3256669044494629,0.420215368270874,0.5725434422492981,0.6986080408096313,0.08929576724767685,0.11030653119087219,0.23111845552921295,0.3624357581138611,-0.210107684135437,-0.2783926725387573,-0.22586575150489807,-0.16283345222473145,0.0,-0.1050538420677185,-0.37294113636016846,-0.6513338088989258,-0.8141672611236572,-0.9034630060195923,-1.3236783742904663,-1.5600495338439941,-1.7859152555465698,-0.9454845786094666,-1.4024688005447388,-1.6913667917251587,-1.9119799137115479,-0.8824522495269775,-1.3079203367233276,-1.5705549716949463,-1.7754099369049072,-0.7616403698921204,-1.0978126525878906,-1.3026676177978516,-1.4760065078735352,PAPER
0.0,-0.29310816526412964,-0.5385564565658569,-0.8364306092262268,-0.6839190125465393,-0.33600202202796936,-0.41702380776405334,-0.478981614112854,-0.033361904323101044,-0.11200067400932312,-0.44085371494293213,-0.5504714250564575,-0.6410251259803772,-0.6529400944709778,-0.22876733541488647,-0.16680951416492462,-0.23591631650924683,0.14536258578300476,0.17157550156116486,0.13344761729240417,0.0953197255730629,0.0,-0.023829931393265724,-0.21208639442920685,-0.5504714250564575,-0.41940680146217346,-1.0508999824523926,-1.2320075035095215,-1.39643394947052,-0.6934509873390198,-0.9937081336975098,-0.6434081196784973,-0.9651122093200684,-1.139070749282837,-1.2772842645645142,-0.6863020062446594,-1.1724326610565186,-1.3297101259231567,-0.5790673494338989,-0.8340476155281067,-1.0008571147918701,-1.141453742980957,PAPER
0.0,-0.3098374009132385,-0.5672023296356201,-0.9120213389396667,-0.7496066093444824,-0.35231509804725647,-0.4347718060016632,-0.512231171131134,-0.014992131851613522,-0.10494492202997208,-0.4397692084312439,-0.5572075843811035,-0.6646511554718018,-0.7321157455444336,-0.2273806631565094,-0.1624147593975067,-0.24487148225307465,0.1874016523361206,0.2323780357837677,0.18490295112133026,0.13992656767368317,0.0,0.0,-0.1824042648077011,-0.5697010159492493,-0.41728100180625916,-1.0569453239440918,-1.2568403482437134,-1.4342472553253174,-0.6696485280990601,-0.9944780468940735,-0.6221734881401062,-0.9445043206214905,-1.1394020318984985,-1.306814193725586,-0.6746459007263184,-1.1843783855438232,-1.3517905473709106,-0.5697010159492493,-0.8270659446716309,-1.0044728517532349,-1.1618902683258057,PAPER
0.0,-0.3091319501399994,-0.5618350505828857,-0.875873863697052,-0.7188544869422913,-0.3704676628112793,-0.46124452352523804,-0.5348473787307739,-0.024534283205866814,-0.13248512148857117,-0.46124452352523804,-0.5888227820396423,-0.6967736482620239,-0.7482956051826477,-0.24043597280979156,-0.1962742656469345,-0.27233052253723145,0.15947283804416656,0.18646053969860077,0.13984541594982147,0.09813713282346725,0.0,-0.009813712909817696,-0.1962742656469345,-0.5520213842391968,-0.40726909041404724,-1.062334418296814,-1.2414346933364868,-1.4131746292114258,-0.6697859168052673,-0.9911850094795227,-0.6256241798400879,-0.956836998462677,-1.13348388671875,-1.2905032634735107,-0.672239363193512,-1.1678318977355957,-1.3297581672668457,-0.5618350505828857,-0.8169916272163391,-0.9862781763076782,-1.13348388671875,PAPER
0.0,-0.30827757716178894,-0.5573658347129822,-0.873042106628418,-0.7127377390861511,-0.36746686697006226,-0.4587170481681824,-0.5327036380767822,-0.024662205949425697,-0.1307096928358078,-0.4587170481681824,-0.58696049451828,-0.6954742074012756,-0.7497310638427734,-0.2392234057188034,-0.19483143091201782,-0.2737504839897156,0.1578381210565567,0.18989898264408112,0.14304079115390778,0.09864882379770279,0.0,-0.012331102974712849,-0.19729764759540558,-0.5573658347129822,-0.41185885667800903,-1.062941074371338,-1.2454414367675781,-1.4205430746078491,-0.6683458089828491,-0.9914206862449646,-0.6239538192749023,-0.9568936228752136,-1.1369277238845825,-1.2972320318222046,-0.6732782125473022,-1.17392098903656,-1.3366916179656982,-0.5622982978820801,-0.8187852501869202,-0.988954484462738,-1.1369277238845825,PAPER
0.0,-0.30452999472618103,-0.5511741042137146,-0.8708047270774841,-0.7122477889060974,-0.34228163957595825,-0.43540236353874207,-0.5058721303939819,-0.012583883479237556,-0.1082213968038559,-0.4429526925086975,-0.5637579560279846,-0.6669458150863647,-0.7147645950317383,-0.22399312257766724,-0.1736575961112976,-0.24916090071201324,0.1736575961112976,0.20385891199111938,0.15855693817138672,0.11577172577381134,0.0,-0.01761743612587452,-0.20889246463775635,-0.5763418674468994,-0.42281848192214966,-1.0645965337753296,-1.2558715343475342,-1.4320459365844727,-0.6644290685653687,-0.9941267967224121,-0.636744499206543,-0.9664422869682312,-1.145133376121521,-1.3137574195861816,-0.6820464730262756,-1.1778515577316284,-1.3439587354660034,-0.5662747621536255,-0.8179524540901184,-0.9890932440757751,-1.1375831365585327,PAPER
0.0,-0.29694610834121704,-0.5318034887313843,-0.847646176815033,-0.6829760670661926,-0.2780495285987854,-0.3698328733444214,-0.434621125459671,0.013497550040483475,-0.04859118163585663,-0.4184240698814392,-0.5156064033508301,-0.6046902537345886,-0.6478824019432068,-0.18896570801734924,-0.11067990958690643,-0.17276863753795624,0.21326129138469696,0.2483549267053604,0.21326129138469696,0.18086718022823334,0.0,-0.056689709424972534,-0.28344854712486267,-0.691074550151825,-0.5156064033508301,-1.0960010290145874,-1.2849668264389038,-1.4685335159301758,-0.6694784760475159,-0.9988186955451965,-0.6883750557899475,-1.009616732597351,-1.1877844333648682,-1.3659521341323853,-0.7072716355323792,-1.1688878536224365,-1.3389569520950317,-0.5533995628356934,-0.7801584005355835,-0.939429521560669,-1.087902545928955,PAPER
0.0,-0.28742000460624695,-0.4999910593032837,-0.8023808598518372,-0.6437010765075684,-0.20957708358764648,-0.3143656253814697,-0.38622063398361206,0.0748489573597908,-0.005987916607409716,-0.30538374185562134,-0.3981964588165283,-0.5119668841362,-0.5449004173278809,-0.09880062937736511,-0.0838308334350586,-0.15568584203720093,0.23053479194641113,0.2514925003051758,0.1826314628124237,0.13173416256904602,0.0,-0.09281270951032639,-0.356281042098999,-0.8353143930435181,-0.6227433681488037,-1.1077646017074585,-1.2724323272705078,-1.4311120510101318,-0.6916043758392334,-0.9999821186065674,-0.7514835596084595,-1.0538733005523682,-1.2095592021942139,-1.3532692193984985,-0.745495617389679,-1.1406980752944946,-1.2903960943222046,-0.5478943586349487,-0.775435209274292,-0.9161512851715088,-1.0478854179382324,PAPER
0.0,-0.24268585443496704,-0.42314454913139343,-0.6502736210823059,-0.5413761138916016,-0.22712905704975128,-0.33291518688201904,-0.3920309841632843,0.024890856817364693,-0.09334070980548859,-0.24268585443496704,-0.33291518688201904,-0.4293672740459442,-0.44803541898727417,-0.09334070980548859,-0.18045870959758759,-0.24579720199108124,0.12134292721748352,0.06844985485076904,-0.01555678527802229,-0.07467256486415863,0.0,-0.1306769996881485,-0.4262559115886688,-0.8898481130599976,-0.6938326358795166,-1.0640840530395508,-1.2320973873138428,-1.406333327293396,-0.718723475933075,-0.9956342577934265,-0.7498370409011841,-1.0329705476760864,-1.1916497945785522,-1.3192154169082642,-0.7560597658157349,-1.1698702573776245,-1.3285495042800903,-0.6098259687423706,-0.8525118231773376,-1.0080796480178833,-1.141867995262146,PAPER
0.0,-0.3121836185455322,-0.596821665763855,-0.8967627882957458,-0.7590346932411194,-0.5356091856956482,-0.6702766418457031,-0.7651559710502625,-0.11324308067560196,-0.2968805134296417,-0.6213066577911377,-0.7590346932411194,-0.8906415700912476,-0.918187141418457,-0.39788109064102173,-0.4040023386478424,-0.5111241936683655,0.05203060433268547,0.03366686403751373,-0.03978810831904411,-0.10406120866537094,0.0,-0.009181872010231018,-0.1775161772966385,-0.5111241936683655,-0.3397292494773865,-1.000823974609375,-1.1232489347457886,-1.2640376091003418,-0.6702766418457031,-0.9549146294593811,-0.5907003879547119,-0.8753384351730347,-1.000823974609375,-1.0804002285003662,-0.6672160029411316,-1.083460807800293,-1.2089464664459229,-0.6090641617774963,-0.8386109471321106,-0.9610359072685242,-1.0742789506912231,PAPER
0.0,-0.34436899423599243,-0.6390693783760071,-1.0099282264709473,-0.8344325423240662,-0.6092681884765625,-0.778141438961029,-0.9139022827148438,-0.08609224855899811,-0.3211902976036072,-0.6589367985725403,-0.84767746925354,-1.0463519096374512,-1.132444143295288,-0.4039713144302368,-0.44039493799209595,-0.5927119851112366,0.10264844447374344,0.12251588702201843,0.026489920914173126,-0.05960232391953468,0.0,0.01655620150268078,-0.15893952548503876,-0.5794670581817627,-0.3675476610660553,-1.0066170692443848,-1.2350926399230957,-1.4370782375335693,-0.6291356682777405,-0.9470146894454956,-0.5430433750152588,-0.867544949054718,-1.082775592803955,-1.1986689567565918,-0.6192018985748291,-1.1821128129959106,-1.3675421476364136,-0.5297984480857849,-0.8178763389587402,-1.0297956466674805,-1.2019802331924438,PAPER
0.0,-0.2402973771095276,-0.46915203332901,-0.7237527966499329,-0.5978827476501465,-0.6293502449989319,-0.829598069190979,-0.929722011089325,-0.19452644884586334,-0.4834554195404053,-0.5778579711914062,-0.7809664607048035,-0.9468860626220703,-0.9783536195755005,-0.42624178528785706,-0.637932300567627,-0.746638298034668,-0.13445210456848145,-0.2574614882469177,-0.34614264965057373,-0.4147990345954895,0.0,-0.06293502449989319,-0.27748626470565796,-0.6779818534851074,-0.4748733937740326,-0.9669108390808105,-1.1414124965667725,-1.2987500429153442,-0.5721365809440613,-0.8753690123558044,-0.5978827476501465,-0.8839510679244995,-1.035567283630371,-1.1356911659240723,-0.6036041378974915,-1.021263837814331,-1.1700193881988525,-0.45770928263664246,-0.6808425784111023,-0.8181553483009338,-0.9440253973007202,PAPER
0.0,0.09860911965370178,0.05815409496426582,-0.09355223923921585,0.007585316896438599,-0.5613134503364563,-0.7787591814994812,-0.8546123504638672,-0.4273061752319336,-0.6826785206794739,-0.2604292035102844,-0.4424768090248108,-0.6017684936523438,-0.7155482172966003,-0.3590383231639862,-0.8520839214324951,-0.9456361532211304,-0.5158015489578247,-0.7408326268196106,-0.8318564295768738,-0.9001242518424988,0.0,-0.21997418999671936,-0.49810248613357544,-0.849555492401123,-0.7155482172966003,-0.8647261261940002,-1.0543590784072876,-1.1605534553527832,-0.543614387512207,-0.7307188510894775,-0.6801500916481018,-0.915294885635376,-1.0493022203445435,-1.0771149396896362,-0.5638418793678284,-0.8571407794952393,-0.9785058498382568,-0.28065672516822815,-0.4804033935070038,-0.5891262888908386,-0.6801500916481018,PAPER
0.0,0.1654403954744339,0.1575622856616974,0.057772837579250336,0.12342379242181778,-0.5252076387405396,-0.7326646447181702,-0.7930635213851929,-0.48056498169898987,-0.6748917698860168,-0.18907473981380463,-0.349263072013855,-0.4858170449733734,-0.6276230812072754,-0.312498539686203,-0.8193238973617554,-0.8928529620170593,-0.5199555158615112,-0.7405427694320679,-0.8193238973617554,-0.8692185878753662,0.0,-0.2678558826446533,-0.5829804539680481,-0.974260151386261,-0.8219498991966248,-0.90860915184021,-1.110814094543457,-1.2263598442077637,-0.5540940165519714,-0.7379167079925537,-0.7405427694320679,-0.9952684640884399,-1.1160662174224854,-1.1318224668502808,-0.6066147685050964,-0.8797227740287781,-0.9978944659233093,-0.2704819142818451,-0.47268685698509216,-0.5751023292541504,-0.6591355800628662,PAPER
0.0,0.15204934775829315,0.14078643918037415,0.02534155733883381,0.11544487625360489,-0.5378041863441467,-0.7743253707885742,-0.8672444224357605,-0.45614802837371826,-0.6842220425605774,-0.22525829076766968,-0.41109639406204224,-0.5856715440750122,-0.7151950597763062,-0.3435188829898834,-0.8869545459747314,-0.993952214717865,-0.5265412330627441,-0.754615306854248,-0.8672444224357605,-0.9460848569869995,0.0,-0.24215266108512878,-0.551882803440094,-0.9629791975021362,-0.8165612816810608,-0.8869545459747314,-1.1488173007965088,-1.3121294975280762,-0.565961480140686,-0.7292737364768982,-0.7095636129379272,-0.9770578145980835,-1.1516330242156982,-1.1600801944732666,-0.5884872674942017,-0.9460848569869995,-1.103765606880188,-0.2590470314025879,-0.48430532217025757,-0.6279075145721436,-0.7461680769920349,PAPER
0.0,0.055342551320791245,0.02108287625014782,-0.1370386928319931,-0.0026353595312684774,-0.5666022896766663,-0.777431070804596,-0.8828454613685608,-0.3715856969356537,-0.6720166802406311,-0.29252490401268005,-0.49017688632011414,-0.6746520400047302,-0.7906078696250916,-0.3715856969356537,-0.8485857844352722,-0.97508305311203,-0.5138950943946838,-0.7010056376457214,-0.8090553879737854,-0.9039283394813538,0.0,-0.1871105283498764,-0.46909400820732117,-0.8643979430198669,-0.7273592352867126,-0.8512211441993713,-1.0594145059585571,-1.1990885734558105,-0.5481547713279724,-0.7405360341072083,-0.6351216435432434,-0.8802101016044617,-1.0594145059585571,-1.1147570610046387,-0.5349779725074768,-0.8960222601890564,-1.056779146194458,-0.2872541844844818,-0.4954476058483124,-0.6403923630714417,-0.7668896317481995,PAPER
0.0,0.16130605340003967,0.15592919290065765,0.05108025297522545,0.12635640799999237,-0.5081140995025635,-0.7312541007995605,-0.811907172203064,-0.45703381299972534,-0.6613548398017883,-0.19625569880008698,-0.35756176710128784,-0.5161793828010559,-0.6559779644012451,-0.31992366909980774,-0.8387914896011353,-0.9355751276016235,-0.5161793828010559,-0.7366309762001038,-0.8387914896011353,-0.9086908102035522,0.0,-0.25002437829971313,-0.5591943264007568,-0.9570826292037964,-0.811907172203064,-0.9060023427009583,-1.1345192193984985,-1.2689409255981445,-0.5726364850997925,-0.7500731348991394,-0.7231888175010681,-0.9839669466018677,-1.1264539957046509,-1.1372077465057373,-0.6022092700004578,-0.9221329689025879,-1.0565546751022339,-0.28497403860092163,-0.5054256319999695,-0.6264051795005798,-0.7231888175010681,PAPER
0.0,-0.35135748982429504,-0.6506620049476624,-1.0410592555999756,-0.8588738441467285,-0.6213822364807129,-0.7970609664916992,-0.9337000250816345,-0.07807943969964981,-0.3220776915550232,-0.6701818704605103,-0.8686338067054749,-1.076845645904541,-1.1614316701889038,-0.40666377544403076,-0.4457034766674042,-0.5986090898513794,0.120372474193573,0.14314565062522888,0.048799652606248856,-0.03578641265630722,0.0,0.01626655086874962,-0.16591881215572357,-0.6181288957595825,-0.38714390993118286,-1.0117794275283813,-1.2687909603118896,-1.4835094213485718,-0.6148756146430969,-0.9467132687568665,-0.5433027744293213,-0.8686338067054749,-1.1028721332550049,-1.2460178136825562,-0.6181288957595825,-1.2069780826568604,-1.411936640739441,-0.5172762870788574,-0.8133275508880615,-1.044312596321106,-1.2297512292861938,PAPER
0.0,-0.31497326493263245,-0.5909807682037354,-0.9384254813194275,-0.7695738673210144,-0.561756432056427,-0.7143723368644714,-0.8702353835105896,-0.07468438148498535,-0.2760075032711029,-0.561756432056427,-0.753338098526001,-0.9644026756286621,-1.0942885875701904,-0.3214675486087799,-0.36043331027030945,-0.5195435285568237,0.12014444172382355,0.1948288232088089,0.09416726231575012,0.0,0.0,0.00974144134670496,-0.16235734522342682,-0.561756432056427,-0.3766690492630005,-1.0325927734375,-1.256645917892456,-1.4482276439666748,-0.6299465298652649,-0.9611555337905884,-0.5455207228660583,-0.899459719657898,-1.110524296760559,-1.2209272384643555,-0.6266993880271912,-1.1981972455978394,-1.3735432624816895,-0.5325320959091187,-0.8377639651298523,-1.0423341989517212,-1.2111858129501343,PAPER
0.0,-0.31098219752311707,-0.5815367102622986,-0.9111778140068054,-0.746357262134552,-0.5473286509513855,-0.696600079536438,-0.839651882648468,-0.0808553695678711,-0.276774138212204,-0.553548276424408,-0.7339179515838623,-0.9267269372940063,-1.0417903661727905,-0.3234214782714844,-0.3700687885284424,-0.5162304043769836,0.10262411832809448,0.1523812711238861,0.05286697298288345,-0.04042768478393555,0.0,-0.003109821816906333,-0.18969912827014923,-0.5970857739448547,-0.41360631585121155,-1.029350996017456,-1.2439287900924683,-1.4305180311203003,-0.6406232714653015,-0.9609349370002747,-0.553548276424408,-0.8987385034561157,-1.1039867401123047,-1.2097207307815552,-0.6281840205192566,-1.1817322969436646,-1.3527724742889404,-0.541109025478363,-0.8365420699119568,-1.0324608087539673,-1.1941715478897095,PAPER
0.0,-0.297680526971817,-0.5589778423309326,-0.9228096008300781,-0.7508164048194885,-0.5523627400398254,-0.7078181505203247,-0.8731961846351624,-0.07938147336244583,-0.3042956292629242,-0.4961341917514801,-0.6978954076766968,-0.9195020198822021,-1.041881799697876,-0.28775784373283386,-0.4035224914550781,-0.5755156874656677,0.04961341992020607,0.10584196448326111,-0.006615122780203819,-0.11907220631837845,0.0,0.009922684170305729,-0.16537806391716003,-0.5722081065177917,-0.39690735936164856,-1.0220364332199097,-1.2734111547470093,-1.4817874431610107,-0.6152064204216003,-0.9525776505470276,-0.5556703209877014,-0.8897339701652527,-1.1278784275054932,-1.2701035737991333,-0.6152064204216003,-1.194029688835144,-1.3924833536148071,-0.5093644261360168,-0.8004298210144043,-1.0187288522720337,-1.2006447315216064,PAPER
0.0,-0.13565866649150848,-0.31461262702941895,-0.6119071245193481,-0.5051120519638062,-0.487793892621994,-0.6869523525238037,-0.8197246789932251,-0.23956741392612457,-0.4849075376987457,-0.31461262702941895,-0.5282028913497925,-0.7187022566795349,-0.7360203862190247,-0.2944081425666809,-0.7071568369865417,-0.8428155183792114,-0.2886354327201843,-0.4647030830383301,-0.6119071245193481,-0.7302476763725281,0.0,-0.10102240741252899,-0.3232716917991638,-0.6494297385215759,-0.5079984068870544,-0.9496105909347534,-1.1429963111877441,-1.3075186014175415,-0.6349979639053345,-0.8745654225349426,-0.6609751582145691,-0.9236334562301636,-1.0881556272506714,-1.1949506998062134,-0.6292252540588379,-1.0390876531600952,-1.1949506998062134,-0.4704757630825043,-0.689838707447052,-0.8399291634559631,-0.9698150753974915,PAPER
0.0,-0.05313638225197792,-0.21254552900791168,-0.6224547624588013,-0.41370469331741333,-0.39852285385131836,-0.6642047762870789,-0.8729548454284668,-0.2049546241760254,-0.46684107184410095,-0.10627276450395584,-0.30363646149635315,-0.5731138586997986,-0.747704803943634,-0.13284096121788025,-0.7059547901153564,-0.8957275748252869,-0.33779558539390564,-0.4820229113101959,-0.7173411846160889,-0.9147048592567444,0.0,-0.29604557156562805,-0.6300456523895264,-1.0361593961715698,-0.8425912261009216,-1.1310458183288574,-1.4346823692321777,-1.6244550943374634,-0.6034774780273438,-0.8843412399291992,-0.9260912537574768,-1.26388680934906,-1.4612505435943604,-1.5599323511123657,-0.7704775333404541,-1.1234549283981323,-1.2980458736419678,-0.2922500967979431,-0.5351592898368835,-0.6907729506492615,-0.8350002765655518,PAPER
0.0,-0.227739155292511,-0.32168155908584595,-0.4270108938217163,-0.3729228675365448,-0.06832174211740494,-0.14233696460723877,-0.19357827305793762,0.12525653839111328,0.03985435143113136,-0.09109566360712051,-0.15372392535209656,-0.23343263566493988,-0.2590532898902893,0.03985435143113136,-0.028467394411563873,-0.07970870286226273,0.19642502069473267,0.16511088609695435,0.07401522248983383,0.011386957950890064,0.0,-0.1622641384601593,-0.4697119891643524,-0.9678913950920105,-0.7486924529075623,-1.0618337392807007,-1.2867262363433838,-1.4859979152679443,-0.6946043968200684,-0.9992055296897888,-0.7373055219650269,-1.05044686794281,-1.2354848384857178,-1.3692816495895386,-0.7344587445259094,-1.2155576944351196,-1.3920555114746094,-0.5807348489761353,-0.8682554960250854,-1.0447533130645752,-1.1927838325500488,PAPER
0.0,-0.20700883865356445,-0.33990341424942017,-0.5392452478408813,-0.44979700446128845,-0.05878029018640518,-0.1712295413017273,-0.2223428338766098,0.11500491201877594,0.03833497315645218,-0.11244925111532211,-0.1712295413017273,-0.2504551410675049,-0.2606778144836426,0.007666994351893663,-0.07155860960483551,-0.11756058037281036,0.17378520965576172,0.12522757053375244,0.04344630241394043,-0.007666994351893663,0.0,-0.1610068827867508,-0.4523526728153229,-0.8919270038604736,-0.700252115726471,-1.0784904956817627,-1.262498378753662,-1.4465062618255615,-0.7258087992668152,-0.9992648959159851,-0.7845890522003174,-1.104047179222107,-1.2650541067123413,-1.3698363304138184,-0.7743664383888245,-1.1883840560913086,-1.349390983581543,-0.5929142236709595,-0.8408136963844299,-0.994153618812561,-1.1244925260543823,PAPER
0.0,-0.26402780413627625,-0.4311646521091461,-0.685503363609314,-0.540166974067688,-0.05086774006485939,-0.11142457276582718,-0.14533640444278717,0.14775867760181427,0.15260322391986847,-0.23738278448581696,-0.26887235045433044,-0.32216235995292664,-0.33427372574806213,-0.021800460293889046,0.11869139224290848,0.08962411433458328,0.33427372574806213,0.3924082815647125,0.3754523694515228,0.36576327681541443,0.0,-0.13322503864765167,-0.4142087399959564,-0.8623293042182922,-0.6661251783370972,-1.121512532234192,-1.322561264038086,-1.496964931488037,-0.661280632019043,-0.9882875084877014,-0.7678606510162354,-1.0876007080078125,-1.2547376155853271,-1.4146076440811157,-0.7387933731079102,-1.1481575965881348,-1.3104498386383057,-0.515944242477417,-0.733948826789856,-0.8720183968544006,-1.0052434206008911,PAPER
0.0,-0.27880337834358215,-0.48458683490753174,-0.7722411155700684,-0.6239885091781616,-0.15046530961990356,-0.2057834416627884,-0.23454886674880981,0.07523265480995178,0.0641690343618393,-0.32969605922698975,-0.37173783779144287,-0.42041778564453125,-0.4381195902824402,-0.11506171524524689,0.035403601825237274,0.0,0.26331430673599243,0.31863242387771606,0.3097815215587616,0.2965051829814911,0.0,-0.07965810596942902,-0.31641972064971924,-0.7124975323677063,-0.5465431213378906,-1.0886608362197876,-1.2878060340881348,-1.4626113176345825,-0.6815193891525269,-0.9979390501976013,-0.7147102355957031,-1.0311299562454224,-1.2037224769592285,-1.360826015472412,-0.7279865741729736,-1.1771697998046875,-1.3386987447738647,-0.5620322227478027,-0.801006555557251,-0.9536845684051514,-1.0930862426757812,PAPER
0.0,-0.2825125753879547,-0.49765679240226746,-0.7910352349281311,-0.641086220741272,-0.1890661120414734,-0.24339546263217926,-0.2759930491447449,0.04563664644956589,0.026078084483742714,-0.35857367515563965,-0.40855666995048523,-0.4585396647453308,-0.4802713990211487,-0.14560264348983765,-0.004346347413957119,-0.04346347600221634,0.23470276594161987,0.28468576073646545,0.2759930491447449,0.2629540264606476,0.0,-0.06736838817596436,-0.29337844252586365,-0.6736838817596436,-0.5193884968757629,-1.0822404623031616,-1.277826189994812,-1.4495068788528442,-0.6888960599899292,-0.9996598958969116,-0.6975887417793274,-1.012699007987976,-1.186552882194519,-1.3430213928222656,-0.7193204760551453,-1.1756869554519653,-1.3386750221252441,-0.5715447068214417,-0.8084205985069275,-0.9648891091346741,-1.1039721965789795,PAPER
0.0,-0.28354084491729736,-0.5073888897895813,-0.8015891313552856,-0.6544889807701111,-0.22811180353164673,-0.28567272424697876,-0.31765100359916687,0.014923201873898506,-0.0170550886541605,-0.3816075921058655,-0.4434322714805603,-0.49246567487716675,-0.5159164071083069,-0.17694653570652008,-0.05542903393507004,-0.09593486785888672,0.2003972828388214,0.2366393506526947,0.21958425641059875,0.2003972828388214,0.0,-0.05116526409983635,-0.2664857506752014,-0.6416977047920227,-0.49246567487716675,-1.0723387002944946,-1.2599445581436157,-1.4304955005645752,-0.6949948072433472,-0.9998545050621033,-0.6779397130012512,-0.9977226257324219,-1.170405387878418,-1.319637417793274,-0.7099180221557617,-1.176801085472107,-1.336692452430725,-0.5798729658126831,-0.8229079842567444,-0.9806675314903259,-1.119240164756775,PAPER
0.0,-0.2881448566913605,-0.517794132232666,-0.8146049976348877,-0.6651163101196289,-0.26214683055877686,-0.3206424117088318,-0.359639436006546,-0.004333005286753178,-0.04982956126332283,-0.40296950936317444,-0.47446408867836,-0.5286266803741455,-0.5589576959609985,-0.19931824505329132,-0.09099311381578445,-0.13865616917610168,0.1841527223587036,0.21231725811958313,0.19065223634243011,0.1668207049369812,0.0,-0.03466404229402542,-0.23831529915332794,-0.6044542789459229,-0.461465060710907,-1.065919280052185,-1.2565715312957764,-1.432058334350586,-0.6911143660545349,-0.9987577199935913,-0.658616840839386,-0.9814257025718689,-1.1590789556503296,-1.3107341527938843,-0.6997803449630737,-1.180743932723999,-1.3410651683807373,-0.5784562230110168,-0.8276040554046631,-0.9879252314567566,-1.1309144496917725,PAPER
0.0,-0.28126201033592224,-0.5071575045585632,-0.7928488254547119,-0.6488958597183228,-0.2635447382926941,-0.3166966140270233,-0.36098983883857727,0.004429323133081198,-0.04872255399823189,-0.3897804319858551,-0.46064960956573486,-0.5138015151023865,-0.5448067784309387,-0.1882462352514267,-0.08194247633218765,-0.13066503405570984,0.19267556071281433,0.2281101495027542,0.2015342116355896,0.1749582588672638,0.0,-0.031005261465907097,-0.23475413024425507,-0.624534547328949,-0.4739375710487366,-1.0497496128082275,-1.2579277753829956,-1.424027442932129,-0.7020477056503296,-0.9988123774528503,-0.6688277721405029,-0.9678071141242981,-1.1449800729751587,-1.2911477088928223,-0.7153356671333313,-1.1914879083633423,-1.344299554824829,-0.60017329454422,-0.8637180328369141,-1.0253883600234985,-1.1649119853973389,PAPER
0.0,-0.05208089202642441,0.05608711391687393,0.29646047949790955,0.36056002974510193,0.15624268352985382,0.3204978108406067,0.41664713621139526,0.49677160382270813,0.26040446758270264,0.420653373003006,0.5208089351654053,0.5528587102890015,0.32851025462150574,0.532827615737915,0.6409956216812134,0.693076491355896,0.4446907043457031,0.6209644675254822,0.6890702843666077,0.7451574206352234,0.0,-0.4086346924304962,-0.8613378405570984,-1.1377671957015991,-1.430221438407898,-1.1618045568466187,-1.5744454860687256,-1.6906259059906006,-1.754725456237793,-0.9654996395111084,-1.4462463855743408,-1.6064952611923218,-1.7306880950927734,-0.7611823081970215,-1.1577982902526855,-1.225904107093811,-1.3460907936096191,-0.48475292325019836,-0.7050951719284058,-0.7571760416030884,-0.8373005390167236,SCISSORS
0.0,0.3132781684398651,0.5113275647163391,0.5041257739067078,0.4573141038417816,0.45011231303215027,0.5689419507980347,0.6157536506652832,0.6373590230941772,0.2484619915485382,0.39969974756240845,0.4825204014778137,0.4861212968826294,0.07561887055635452,0.19444851577281952,0.2736682891845703,0.29527369141578674,-0.1584395319223404,-0.010802695527672768,0.050412580370903015,0.0792197659611702,0.0,-0.24486109614372253,-0.6157536506652832,-0.9218299984931946,-1.1342830657958984,-0.9866461753845215,-1.321529746055603,-1.3791440725326538,-1.4655656814575195,-0.9686416983604431,-1.3683414459228516,-1.4079513549804688,-1.5015746355056763,-0.8750183582305908,-1.245910882949829,-1.2639154195785522,-1.3539378643035889,-0.7705922722816467,-1.0154533386230469,-1.0694668292999268,-1.1378839015960693,SCISSORS
0.0,0.3261570632457733,0.5246874690055847,0.5105066895484924,0.4431481659412384,0.45378372073173523,0.567229688167572,0.61331707239151,0.6239526271820068,0.23752743005752563,0.36515408754348755,0.45378372073173523,0.46441930532455444,0.04963259771466255,0.14889778196811676,0.23398223519325256,0.2587985396385193,-0.20207557082176208,-0.06381333619356155,0.0035451853182166815,0.03190666809678078,0.0,-0.23043705523014069,-0.5920459628105164,-0.9040222764015198,-1.0954623222351074,-0.9891067147254944,-1.290447473526001,-1.3152637481689453,-1.3790770769119263,-0.9713808298110962,-1.325899362564087,-1.3400801420211792,-1.4109838008880615,-0.8721156120300293,-1.208908200263977,-1.2018178701400757,-1.272721529006958,-0.7763956189155579,-0.9961971044540405,-1.0245585441589355,-1.0777363777160645,SCISSORS
0.0,0.3672046959400177,0.5560528039932251,0.5350697040557861,0.4231596887111664,0.44064563512802124,0.5770359635353088,0.6679627895355225,0.6784543991088867,0.20283687114715576,0.332232803106308,0.44414281845092773,0.48960626125335693,-0.00349718751385808,0.08393249660730362,0.19584250450134277,0.24130593240261078,-0.2273171842098236,-0.1328931301832199,-0.052457813173532486,-0.010491562075912952,0.0,-0.25179749727249146,-0.65047687292099,-1.010687232017517,-1.2484959363937378,-1.003692865371704,-1.3394228219985962,-1.3674002885818481,-1.4898018836975098,-0.9792125225067139,-1.335925579071045,-1.3569087982177734,-1.4303497076034546,-0.8323306441307068,-1.1820493936538696,-1.1925408840179443,-1.2554903030395508,-0.7518953084945679,-0.9757153391838074,-0.9862068891525269,-1.038664698600769,SCISSORS
0.0,0.3783199191093445,0.5862254500389099,0.5487343072891235,0.4737519919872284,0.5385094285011292,0.6850658059120178,0.8043558597564697,0.8486636281013489,0.27607131004333496,0.39536136388778687,0.5316928625106812,0.6134917736053467,0.03408287465572357,0.1158817782998085,0.2556215822696686,0.3442370593547821,-0.21472212672233582,-0.14655636250972748,-0.04771602526307106,0.02385801263153553,0.0,-0.19768068194389343,-0.5589591860771179,-0.8793382048606873,-1.1145100593566895,-0.9509122371673584,-1.3496818542480469,-1.458747148513794,-1.622344970703125,-0.9611371159553528,-1.400806188583374,-1.4962382316589355,-1.635978102684021,-0.8827465176582336,-1.267883062362671,-1.3564984798431396,-1.486013412475586,-0.7873144745826721,-1.056569218635559,-1.1383681297302246,-1.2406166791915894,SCISSORS
0.0,0.35845139622688293,0.5678437948226929,0.5536476969718933,0.518157422542572,0.5749418139457703,0.7240008115768433,0.8659617304801941,0.8872559070587158,0.3087650537490845,0.43298086524009705,0.5891379117965698,0.6991576552391052,0.08872558921575546,0.15615703165531158,0.298117995262146,0.408137708902359,-0.16680410504341125,-0.13486289978027344,-0.042588282376527786,0.031941212713718414,0.0,-0.17745117843151093,-0.5146084427833557,-0.8269224762916565,-1.0114717483520508,-0.9227461218833923,-1.3166877031326294,-1.529629111289978,-1.714178442955017,-0.9511383175849915,-1.3699231147766113,-1.5793155431747437,-1.7887078523635864,-0.9191970825195312,-1.2705504894256592,-1.4728448390960693,-1.6715900897979736,-0.8056283593177795,-1.089550256729126,-1.2492562532424927,-1.4125113487243652,SCISSORS
0.0,0.34742820262908936,0.594488263130188,0.6253707408905029,0.6253707408905029,0.5867676138877869,0.7411801815032959,0.8492689728736877,0.8338276743888855,0.33584725856781006,0.49798041582107544,0.633091390132904,0.706437349319458,0.16213315725326538,0.23547911643981934,0.34742820262908936,0.4323551058769226,-0.15441253781318665,-0.07334595173597336,0.003860313445329666,0.06176501512527466,0.0,-0.17371410131454468,-0.5018407702445984,-0.779783308506012,-0.9650783538818359,-0.9033133387565613,-1.300925612449646,-1.493941307067871,-1.6946775913238525,-0.9419164657592773,-1.409014344215393,-1.6097506284713745,-1.8220679759979248,-0.9071736335754395,-1.3202271461486816,-1.5132428407669067,-1.7062585353851318,-0.8106657862663269,-1.1233512163162231,-1.304785966873169,-1.4669190645217896,SCISSORS
0.0,0.3123147487640381,0.5394527912139893,0.5394527912139893,0.5719010829925537,0.6530217528343201,0.8517675399780273,1.0058969259262085,1.0018408298492432,0.41777169704437256,0.6165174245834351,0.8030951023101807,0.9247761964797974,0.2555302679538727,0.3690992593765259,0.4907803535461426,0.6165174245834351,0.008112072013318539,0.04867243021726608,0.10951296985149384,0.1784655749797821,0.0,-0.206857830286026,-0.5800131559371948,-0.936944305896759,-1.1600263118743896,-0.9044960141181946,-1.362828016281128,-1.6710867881774902,-1.8982248306274414,-0.9085520505905151,-1.4115004539489746,-1.7035350799560547,-1.967177391052246,-0.8882718682289124,-1.2817072868347168,-1.5575177669525146,-1.8089920282363892,-0.7219743728637695,-1.038345217704773,-1.2614271640777588,-1.4682849645614624,SCISSORS
0.0,0.1218089684844017,0.2982219457626343,0.3402250409126282,0.43263185024261475,0.47463494539260864,0.6972513198852539,0.8946658372879028,0.8442621231079102,0.38222813606262207,0.6216457486152649,0.8610633611679077,1.0164748430252075,0.4410324692726135,0.5292389392852783,0.7224531769752502,0.8610633611679077,0.23101700842380524,0.3780278265476227,0.504037082195282,0.6090448498725891,0.0,-0.2478182464838028,-0.6384469866752625,-1.0122745037078857,-1.1760865449905396,-0.9492698907852173,-1.3693008422851562,-1.6255196332931519,-1.6759233474731445,-0.924068033695221,-1.2936952114105225,-1.5499141216278076,-1.7977323532104492,-0.9660711288452148,-1.1550849676132202,-1.4449063539505005,-1.6759233474731445,-0.651047945022583,-0.9450695514678955,-1.150884747505188,-1.3398985862731934,SCISSORS
0.0,-0.05022900551557541,0.04250146448612213,0.06182031333446503,0.1468232423067093,0.3941045105457306,0.5718379020690918,0.7341161966323853,0.6066118478775024,0.40183204412460327,0.48297119140625,0.6877509951591492,0.8191191554069519,0.5100175738334656,0.47910743951797485,0.6916147470474243,0.8113915920257568,0.3361479640007019,0.4636523425579071,0.5757016539573669,0.6684321165084839,0.0,-0.266600102186203,-0.6413857340812683,-1.023898959159851,-1.062536597251892,-0.9736699461936951,-1.3368642330169678,-1.5648267269134521,-1.2325425148010254,-0.915713369846344,-1.066400408744812,-1.3136816024780273,-1.5300527811050415,-1.1204931735992432,-0.9504873156547546,-1.2904990911483765,-1.491415023803711,-0.5602465867996216,-0.822982907295227,-1.0123076438903809,-1.1745859384536743,SCISSORS
0.0,-0.14816494286060333,-0.11449109017848969,-0.11449109017848969,-0.06061293184757233,0.3771471083164215,0.48153606057167053,0.5657206773757935,0.41418835520744324,0.43776005506515503,0.3131667971611023,0.43439266085624695,0.5118425488471985,0.4680665135383606,0.34010589122772217,0.5219447016716003,0.5892924070358276,0.3535754382610321,0.40745359659194946,0.4478622078895569,0.4882708191871643,0.0,-0.23571695387363434,-0.5589858889579773,-0.9597047567367554,-0.8283767104148865,-0.9967459440231323,-1.296443223953247,-1.4951189756393433,-0.68357914686203,-0.8990917801856995,-0.8014376163482666,-1.0405219793319702,-1.2324628829956055,-1.3031779527664185,-0.7206203937530518,-1.1146044731140137,-1.2897084951400757,-0.45796436071395874,-0.68357914686203,-0.8384788632392883,-0.9832764267921448,SCISSORS
0.0,-0.16464747488498688,-0.14159683883190155,-0.12513208389282227,-0.09220258891582489,0.38527509570121765,0.48077064752578735,0.5532155632972717,0.3753962516784668,0.45771998167037964,0.25355711579322815,0.3622244596481323,0.43796229362487793,0.45771998167037964,0.2996584177017212,0.5038213133811951,0.5630943775177002,0.3556385636329651,0.4149116575717926,0.4478411376476288,0.48077064752578735,0.0,-0.227213516831398,-0.5400437116622925,-0.9549553990364075,-0.7705501914024353,-0.9911778569221497,-1.2743715047836304,-1.4752414226531982,-0.5927309393882751,-0.8890963792800903,-0.7573783993721008,-1.0043495893478394,-1.1986336708068848,-1.3632811307907104,-0.6948123574256897,-1.0998451709747314,-1.2743715047836304,-0.4511340856552124,-0.671761691570282,-0.8265303373336792,-0.9681271910667419,SCISSORS
0.0,0.03396226465702057,0.12830188870429993,0.07924528419971466,0.13962264358997345,0.41886791586875916,0.5622641444206238,0.6566037535667419,0.4415094256401062,0.36226415634155273,0.43018868565559387,0.5698113441467285,0.6754717230796814,0.4377358555793762,0.34716981649398804,0.47547170519828796,0.5547170042991638,0.18113207817077637,0.24150943756103516,0.2943396270275116,0.3396226465702057,0.0,-0.24528302252292633,-0.5849056839942932,-0.9660377502441406,-0.9245283007621765,-0.9849056601524353,-1.3396226167678833,-1.5698113441467285,-0.9509434103965759,-0.9320755004882812,-0.9018868207931519,-1.154716968536377,-1.3735848665237427,-1.256603717803955,-0.8301886916160583,-1.2415094375610352,-1.4339622259140015,-0.5660377144813538,-0.8188679218292236,-0.9886792302131653,-1.139622688293457,SCISSORS
0.0,-0.11084939539432526,-0.07509152591228485,-0.06436416506767273,-0.04648523032665253,0.3361239731311798,0.42551863193511963,0.4934585988521576,0.32182082533836365,0.368306040763855,0.25030508637428284,0.35757869482040405,0.42909443378448486,0.38260918855667114,0.264608234167099,0.42909443378448486,0.4827312231063843,0.27891138195991516,0.32897239923477173,0.3611544668674469,0.3897607624530792,0.0,-0.2538808584213257,-0.5828532576560974,-0.98334139585495,-0.8331583738327026,-1.011947751045227,-1.301586389541626,-1.4946789741516113,-0.6829752922058105,-0.9297046065330505,-0.7938246726989746,-1.0548571348190308,-1.2407981157302856,-1.3587989807128906,-0.73661208152771,-1.1514034271240234,-1.315889596939087,-0.5149133205413818,-0.7580668330192566,-0.9082498550415039,-1.0405540466308594,SCISSORS
0.0,-0.15557506680488586,-0.15895713865756989,-0.12175440788269043,-0.11837233603000641,0.23674467206001282,0.30100396275520325,0.3618811368942261,0.26041916012763977,0.31115013360977173,0.12513647973537445,0.21645227074623108,0.2638012170791626,0.25703707337379456,0.19954194128513336,0.3821735382080078,0.4261404275894165,0.29762187600135803,0.35849907994270325,0.38893768191337585,0.4092300832271576,0.0,-0.24350881576538086,-0.5580410361289978,-0.9368324875831604,-0.8015498518943787,-1.0213842391967773,-1.2784212827682495,-1.4610528945922852,-0.70008784532547,-0.9503607749938965,-0.7812574505805969,-1.0585869550704956,-1.2479826211929321,-1.3731191158294678,-0.7474367618560791,-1.1769592761993408,-1.34268057346344,-0.5478948354721069,-0.8015498518943787,-0.9605069756507874,-1.0890254974365234,SCISSORS
0.0,-0.17259860038757324,-0.18985846638679504,-0.16224268078804016,-0.1587907075881958,0.21747423708438873,0.26925382018089294,0.32103338837623596,0.25199395418167114,0.30377355217933655,0.08975127339363098,0.16914662718772888,0.20711831748485565,0.2209262102842331,0.17950254678726196,0.3590050935745239,0.3969767987728119,0.3072255253791809,0.36590903997421265,0.39007285237312317,0.4073326885700226,0.0,-0.23128212988376617,-0.5454115867614746,-0.9354844093322754,-0.790501594543457,-1.01833176612854,-1.273777723312378,-1.4532802104949951,-0.686942458152771,-0.9527443051338196,-0.7766937017440796,-1.0528514385223389,-1.2392579317092896,-1.380788803100586,-0.7456259727478027,-1.1840263605117798,-1.3428170680999756,-0.5523155331611633,-0.8112134337425232,-0.9769080877304077,-1.1046310663223267,SCISSORS
0.0,-0.20219358801841736,-0.26468977332115173,-0.2793947756290436,-0.26101353764533997,0.05146745964884758,0.04779121279716492,0.04779121279716492,0.19116485118865967,0.19116485118865967,-0.0698486939072609,-0.07352493703365326,-0.09558242559432983,-0.09190617501735687,0.08087743818759918,0.19484108686447144,0.18381235003471375,0.3088047504425049,0.3492434620857239,0.33086222410202026,0.32350975275039673,0.0,-0.20219358801841736,-0.5073220729827881,-0.9521479606628418,-0.7536306381225586,-1.06611168384552,-1.297715187072754,-1.4888800382614136,-0.6801056861877441,-0.9815579652786255,-0.7609831094741821,-1.06611168384552,-1.2536002397537231,-1.3859450817108154,-0.7536306381225586,-1.2058089971542358,-1.378592610359192,-0.5661420226097107,-0.8418605923652649,-1.0109679698944092,-1.1543415784835815,SCISSORS
0.0,-0.11107615381479263,-0.15049026906490326,-0.18990439176559448,-0.1755719929933548,-0.021498611196875572,-0.057329628616571426,-0.06807893514633179,0.06449583172798157,0.025081712752580643,-0.021498611196875572,-0.057329628616571426,-0.07882823795080185,-0.10390995442867279,0.035831019282341,-0.003583101788535714,-0.007166203577071428,0.11465925723314285,0.07524513453245163,0.050163425505161285,0.042997222393751144,0.0,-0.21498611569404602,-0.5195497870445251,-0.9208571910858154,-0.7560344934463501,-1.0892629623413086,-1.3042490482330322,-1.4690717458724976,-0.6807893514633179,-0.9996854066848755,-0.7667837738990784,-1.0820966958999634,-1.2469193935394287,-1.3866604566574097,-0.730952799320221,-1.1573418378829956,-1.3042490482330322,-0.562546968460083,-0.809781014919281,-0.9280233979225159,-1.0390995740890503,SCISSORS
0.0,0.04387662187218666,0.04725174605846405,-0.016875624656677246,0.013500499539077282,-0.07425274699926376,-0.12150449305772781,-0.15188062191009521,-0.05062687397003174,-0.14850549399852753,0.05400199815630913,0.006750249769538641,-0.04387662187218666,-0.15188062191009521,0.006750249769538641,-0.18225674331188202,-0.20925773680210114,-0.14175523817539215,-0.19913236796855927,-0.23963385820388794,-0.27000999450683594,0.0,-0.2801353633403778,-0.6345234513282776,-1.0597891807556152,-0.9281592965126038,-1.1002906560897827,-1.306173324584961,-1.4546787738800049,-0.7492777109146118,-0.9889115691184998,-0.8539065718650818,-1.1374170780181885,-1.2859225273132324,-1.3534250259399414,-0.7796538472175598,-1.1407921314239502,-1.2724220752716064,-0.5568956136703491,-0.7931543588638306,-0.9146588444709778,-1.0159125328063965,SCISSORS
0.0,-0.07395344972610474,-0.10289175808429718,-0.09324565529823303,-0.09967639297246933,-0.03536904230713844,-0.05466124787926674,-0.05787661671638489,-0.003215367440134287,-0.006430734880268574,-0.05466124787926674,-0.06109198182821274,-0.07073808461427689,-0.10610713064670563,-0.016076836735010147,-0.006430734880268574,-0.009646102786064148,0.05466124787926674,0.05466124787926674,0.05466124787926674,0.05144587904214859,0.0,-0.2089988887310028,-0.5080280900001526,-0.8745799660682678,-0.7298884391784668,-1.0771480798721313,-1.2443472146987915,-1.3761773109436035,-0.6880886554718018,-0.9999793171882629,-0.7427498698234558,-1.0385637283325195,-1.1768244504928589,-1.2990084886550903,-0.7234576940536499,-1.1221632957458496,-1.2443472146987915,-0.5948429703712463,-0.8327801823616028,-0.9292412400245667,-1.0160561800003052,SCISSORS
0.0,-0.22723516821861267,-0.3453974723815918,-0.35751667618751526,-0.3272186517715454,-0.1545199155807495,-0.16663913428783417,-0.1817881464958191,0.06665565073490143,0.01817881315946579,-0.269652396440506,-0.29692062735557556,-0.3363080620765686,-0.3302484452724457,-0.09089407324790955,0.033327825367450714,0.0030298023484647274,0.23026497662067413,0.2757120132446289,0.26359280943870544,0.24541398882865906,0.0,-0.1302814930677414,-0.3605464696884155,-0.6665565371513367,-0.5302153825759888,-1.0543712377548218,-1.2210103273391724,-1.3694705963134766,-0.7029141187667847,-0.9998347759246826,-0.6877651214599609,-0.99680495262146,-1.1634440422058105,-1.2603977918624878,-0.721092939376831,-1.1785931587219238,-1.3240236043930054,-0.618079662322998,-0.8816725015640259,-1.03013277053833,-1.1513248682022095,SCISSORS
0.0,-0.2295904904603958,-0.3534485101699829,-0.38063687086105347,-0.3413648009300232,-0.16313007473945618,-0.1752137988805771,-0.1872975081205368,0.05739762261509895,0.012083710171282291,-0.28698810935020447,-0.31719738245010376,-0.3534485101699829,-0.34740665555000305,-0.10573246330022812,0.03020927496254444,0.003020927542820573,0.22354863584041595,0.27188345789909363,0.26584160327911377,0.2507369816303253,0.0,-0.12687894701957703,-0.35949036478996277,-0.6736668348312378,-0.5407460331916809,-1.063366413116455,-1.2385802268981934,-1.3956685066223145,-0.6978342533111572,-0.9999269843101501,-0.6857505440711975,-1.0029479265213013,-1.1781617403030396,-1.28087317943573,-0.7159597873687744,-1.1842035055160522,-1.3322290182113647,-0.607206404209137,-0.8700271248817444,-1.0210734605789185,-1.1479524374008179,SCISSORS
0.0,-0.07918297499418259,-0.14076973497867584,-0.208221897482872,-0.1759621649980545,-0.16423135995864868,-0.21408730745315552,-0.234616219997406,-0.06745216250419617,-0.13197162747383118,-0.12024081498384476,-0.17302946746349335,-0.208221897482872,-0.2610105574131012,-0.07918297499418259,-0.1495678424835205,-0.16716405749320984,-0.014663513749837875,-0.05278864875435829,-0.06745216250419617,-0.07918297499418259,0.0,-0.1759621649980545,-0.4369727075099945,-0.7654353976249695,-0.6451945900917053,-1.0763019323349,-1.2610621452331543,-1.3988991975784302,-0.680387020111084,-0.9912535548210144,-0.7390410900115967,-1.0381767749786377,-1.1936100721359253,-1.3138508796691895,-0.7097140550613403,-1.114427089691162,-1.2522640228271484,-0.557213544845581,-0.7800989151000977,-0.8827435374259949,-0.9853881001472473,SCISSORS
0.0,0.061661992222070694,0.06490735709667206,0.006490735802799463,0.029208311811089516,-0.10385177284479141,-0.17200450599193573,-0.20445817708969116,-0.12332398444414139,-0.18174061179161072,-0.02271757647395134,-0.06815272569656372,-0.11683324724435806,-0.23366649448871613,-0.07788883149623871,-0.2369118630886078,-0.2628748118877411,-0.18498598039150238,-0.24015723168849945,-0.25962942838668823,-0.2791016399860382,0.0,-0.2693655490875244,-0.6231106519699097,-1.0450085401535034,-0.9184391498565674,-1.1228972673416138,-1.3241101503372192,-1.4571702480316162,-0.6945087313652039,-0.9833465218544006,-0.8243234753608704,-1.1066704988479614,-1.2462213039398193,-1.3176194429397583,-0.7366985082626343,-1.087198257446289,-1.220258355140686,-0.5062773823738098,-0.7237170338630676,-0.8113420009613037,-0.9054576754570007,SCISSORS
0.0,0.09714895486831665,0.0874340608716011,-0.016191493719816208,0.02266808971762657,-0.19105961918830872,-0.2590638995170593,-0.30763837695121765,-0.18458302319049835,-0.2849702835083008,-0.04533617943525314,-0.10362555086612701,-0.1748681217432022,-0.2946851849555969,-0.11657875031232834,-0.32706815004348755,-0.3724043369293213,-0.2784936726093292,-0.33030644059181213,-0.36592772603034973,-0.40154901146888733,0.0,-0.2817319631576538,-0.6411831378936768,-1.0427321195602417,-0.948821485042572,-1.1010215282440186,-1.3017960786819458,-1.4345662593841553,-0.7221406102180481,-0.9585363864898682,-0.8451959490776062,-1.11073637008667,-1.2629364728927612,-1.3147492408752441,-0.7480469942092896,-1.0783534049987793,-1.2143619060516357,-0.5019362568855286,-0.709187388420105,-0.8192895650863647,-0.9196767807006836,SCISSORS
0.0,0.09411517530679703,0.07464306801557541,-0.03569886088371277,0.003245350904762745,-0.19796641170978546,-0.2791001796722412,-0.3310258090496063,-0.18823035061359406,-0.2888362407684326,-0.05841631814837456,-0.12007798254489899,-0.20121175050735474,-0.314799040555954,-0.12332333624362946,-0.3472525477409363,-0.3991781771183014,-0.2726094722747803,-0.3310258090496063,-0.3764607012271881,-0.41540491580963135,0.0,-0.2823455333709717,-0.6458248496055603,-1.045003056526184,-0.9638692140579224,-1.096928596496582,-1.301385760307312,-1.4344451427459717,-0.7529214024543762,-0.9573785066604614,-0.8600180149078369,-1.1196460723876953,-1.2656868696212769,-1.2851589918136597,-0.7626574635505676,-1.0871925354003906,-1.2202519178390503,-0.5095201134681702,-0.7237132787704468,-0.8373005390167236,-0.9346610903739929,SCISSORS
0.0,0.0744398906826973,0.04531123861670494,-0.06149382144212723,-0.019419101998209953,-0.24921180307865143,-0.3398342728614807,-0.398091584444046,-0.21684664487838745,-0.32688820362091064,-0.10680506378412247,-0.18448147177696228,-0.27186742424964905,-0.36572641134262085,-0.15858933329582214,-0.38838204741477966,-0.44340282678604126,-0.2815769910812378,-0.34630730748176575,-0.38838204741477966,-0.4304567575454712,0.0,-0.2783404588699341,-0.6375938653945923,-1.0421584844589233,-0.9515359997749329,-1.0874696969985962,-1.2913702726364136,-1.424067497253418,-0.7217432856559753,-0.9450629949569702,-0.8317848443984985,-1.0971792936325073,-1.2492955923080444,-1.2784242630004883,-0.7379258871078491,-1.074523687362671,-1.2104573249816895,-0.4919505715370178,-0.7087972164154053,-0.8220753073692322,-0.922407329082489,SCISSORS
0.0,-0.09311283379793167,-0.16520018875598907,-0.24029117822647095,-0.21025477349758148,-0.19223293662071228,-0.2553093731403351,-0.28534576296806335,-0.07509098947048187,-0.1531856209039688,-0.1441747099161148,-0.21325841546058655,-0.25831300020217896,-0.3063712418079376,-0.0991201102733612,-0.18922929465770721,-0.21025477349758148,-0.02102547697722912,-0.07509098947048187,-0.10212375223636627,-0.11714194715023041,0.0,-0.18622566759586334,-0.46556416153907776,-0.8260009288787842,-0.6878334879875183,-1.0813102722167969,-1.258525013923645,-1.3966925144195557,-0.6788225769996643,-0.9881974458694458,-0.7449026703834534,-1.0482702255249023,-1.1984522342681885,-1.3095868825912476,-0.7088589668273926,-1.1053394079208374,-1.240503191947937,-0.5496660470962524,-0.7749390602111816,-0.8740591406822205,-0.9761828780174255,SCISSORS
0.0,-0.06824354827404022,-0.13055287301540375,-0.20769774913787842,-0.17505954205989838,-0.18989509344100952,-0.255171537399292,-0.2848426401615143,-0.09198043495416641,-0.17209242284297943,-0.127585768699646,-0.19286219775676727,-0.24033597111701965,-0.3026452958583832,-0.09791465848684311,-0.21066486835479736,-0.2314346432685852,-0.05637510493397713,-0.11275020986795425,-0.1394542008638382,-0.1572568714618683,0.0,-0.19286219775676727,-0.4806719422340393,-0.8456265926361084,-0.7121065855026245,-1.0829954147338867,-1.2550878524780273,-1.3915749788284302,-0.6854025721549988,-0.9850807785987854,-0.7566132545471191,-1.0533243417739868,-1.198712706565857,-1.296627402305603,-0.7180408239364624,-1.0978310108184814,-1.2283838987350464,-0.5489155054092407,-0.7684816718101501,-0.8663963675498962,-0.9643110036849976,SCISSORS
0.0,-0.15458951890468597,-0.28078505396842957,-0.40698057413101196,-0.3533474802970886,-0.24608127772808075,-0.3217985928058624,-0.37227681279182434,-0.06940753757953644,-0.1577444076538086,-0.24608127772808075,-0.3154888153076172,-0.3848963677883148,-0.37543168663978577,-0.1419699639081955,-0.2050677388906479,-0.2555459439754486,0.01261955313384533,-0.01261955313384533,-0.05363309755921364,-0.09149175882339478,0.0,-0.1577444076538086,-0.4290647804737091,-0.7918769121170044,-0.6467520594596863,-1.060042381286621,-1.2430258989334106,-1.4039252996444702,-0.6846107244491577,-0.9874799847602844,-0.7130047082901001,-1.019028902053833,-1.179928183555603,-1.2777297496795654,-0.7161596417427063,-1.1483793258666992,-1.2935041189193726,-0.5931189656257629,-0.8392002582550049,-0.974860429763794,-1.0884363651275635,SCISSORS
0.0,-0.12520496547222137,-0.22223882377147675,-0.3255329132080078,-0.2879714369773865,-0.20032794773578644,-0.27858105301856995,-0.32240280508995056,-0.0845133513212204,-0.14711584150791168,-0.1846773326396942,-0.2535400688648224,-0.3098823130130768,-0.3317931592464447,-0.12207484245300293,-0.20971833169460297,-0.2472798228263855,-0.006260248366743326,-0.05947235971689224,-0.10016397386789322,-0.1345953494310379,0.0,-0.1690267026424408,-0.44134750962257385,-0.7981817126274109,-0.6541959643363953,-1.070502519607544,-1.2583099603652954,-1.41481614112854,-0.6854972243309021,-0.989119291305542,-0.7167984247207642,-1.029810905456543,-1.1831870079040527,-1.2677003145217896,-0.7042779326438904,-1.1424953937530518,-1.283350944519043,-0.5696825981140137,-0.8169624209403992,-0.9390372633934021,-1.0454615354537964,SCISSORS
0.0,-0.22777102887630463,-0.36935845017433167,-0.4586200714111328,-0.40321630239486694,-0.22777102887630463,-0.2739408314228058,-0.3108766973018646,-0.018467921763658524,-0.0738716870546341,-0.3016427159309387,-0.36012446880340576,-0.4186062216758728,-0.39398232102394104,-0.15082135796546936,-0.10157357156276703,-0.1477433741092682,0.13235343992710114,0.1354314237833023,0.10157357156276703,0.06463772803544998,0.0,-0.10772954672574997,-0.32934460043907166,-0.6340653300285339,-0.49863389134407043,-1.0434376001358032,-1.1973369121551514,-1.3450802564620972,-0.6956250667572021,-0.9972677826881409,-0.6556112170219421,-0.9664878845214844,-1.1234652996063232,-1.2188827991485596,-0.692547082901001,-1.1604011058807373,-1.2989104986190796,-0.6186754107475281,-0.8803042769432068,-1.0188137292861938,-1.135777235031128,SCISSORS
0.0,-0.2278582900762558,-0.3615351617336273,-0.40103060007095337,-0.3676113784313202,-0.18228663504123688,-0.21570584177970886,-0.2369726151227951,0.009114331565797329,-0.030381105840206146,-0.2734299600124359,-0.31292539834976196,-0.35545894503593445,-0.32811594009399414,-0.11848630756139755,-0.04557165876030922,-0.0789908766746521,0.16405797004699707,0.17013418674468994,0.1397530883550644,0.10937198251485825,0.0,-0.1306387484073639,-0.35545894503593445,-0.6531937718391418,-0.5164787769317627,-1.051186203956604,-1.1848630905151367,-1.3185399770736694,-0.7078797817230225,-0.9995383620262146,-0.6744605302810669,-0.9843478202819824,-1.1210627555847168,-1.1939774751663208,-0.7109178900718689,-1.1453676223754883,-1.2699302434921265,-0.6258507966995239,-0.8871282935142517,-1.0116908550262451,-1.114986538887024,SCISSORS
0.0,-0.22796477377414703,-0.36536818742752075,-0.42157867550849915,-0.3809822201728821,-0.1936139166355133,-0.2310875803232193,-0.26231563091278076,0.009368414990603924,-0.037473659962415695,-0.2779296636581421,-0.31852611899375916,-0.368490993976593,-0.35599979758262634,-0.12178939580917358,-0.05933329835534096,-0.09992976486682892,0.15926305949687958,0.1655086725950241,0.12803500890731812,0.09056134521961212,0.0,-0.11866659671068192,-0.33726295828819275,-0.6183153986930847,-0.48403480648994446,-1.0523853302001953,-1.19603431224823,-1.336560606956482,-0.7026311755180359,-0.9992976188659668,-0.6714031100273132,-0.9805607795715332,-1.1242098808288574,-1.19603431224823,-0.7088767886161804,-1.1523151397705078,-1.2834728956222534,-0.621438205242157,-0.8837538361549377,-1.0149116516113281,-1.1242098808288574,SCISSORS
0.0,-0.22382108867168427,-0.34646278619766235,-0.37099114060401917,-0.34646278619766235,-0.17476440966129303,-0.20849087834358215,-0.22382108867168427,0.024528339505195618,-0.030660424381494522,-0.23915131390094757,-0.2820759117603302,-0.32193446159362793,-0.3004721403121948,-0.08891522884368896,-0.049056679010391235,-0.07358501851558685,0.17476440966129303,0.1563681662082672,0.11650960892438889,0.08891522884368896,0.0,-0.1533021181821823,-0.4108496904373169,-0.7542464137077332,-0.5917462110519409,-1.0547186136245728,-1.1926904916763306,-1.3275963068008423,-0.7021237015724182,-0.9995298385620117,-0.6929255723953247,-1.0025959014892578,-1.1375017166137695,-1.2110867500305176,-0.7205199599266052,-1.1466999053955078,-1.2724076509475708,-0.6224066019058228,-0.8922183513641357,-1.0209921598434448,-1.1252375841140747,SCISSORS
0.0,-0.16089566051959991,-0.29215264320373535,-0.4022391438484192,-0.3387277126312256,-0.21593891084194183,-0.32602542638778687,-0.36836639046669006,-0.0423409640789032,-0.13549108803272247,-0.19476842880249023,-0.2963867485523224,-0.3853027820587158,-0.39800506830215454,-0.06774554401636124,-0.20747071504592896,-0.24134349822998047,0.0846819281578064,-0.01693638600409031,-0.09315012395381927,-0.13125698268413544,0.0,-0.3387277126312256,-0.7536691427230835,-1.2829312086105347,-1.0585241317749023,-1.2194197177886963,-1.3252722024917603,-1.42689049243927,-0.7324986457824707,-0.9907785654067993,-0.9526717066764832,-1.2575266361236572,-1.3210381269454956,-1.3422085046768188,-0.8256487846374512,-1.033119559288025,-1.1178014278411865,-0.4699847102165222,-0.6732213497161865,-0.7324986457824707,-0.7917760014533997,SCISSORS
0.0,-0.06884028762578964,-0.12477302551269531,-0.2538485825061798,-0.1764032393693924,-0.05163021758198738,-0.14198310673236847,-0.19791583716869354,0.03442014381289482,-0.06023525446653366,0.04732770100235939,-0.0430251806974411,-0.1290755420923233,-0.18931080400943756,0.08174784481525421,-0.15058813989162445,-0.18931080400943756,0.03011762723326683,-0.08174784481525421,-0.1764032393693924,-0.22803346812725067,0.0,-0.37431907653808594,-0.8088734149932861,-1.346688151359558,-1.1401673555374146,-1.2219151258468628,-1.4370410442352295,-1.591931700706482,-0.7228230834007263,-0.9981842041015625,-0.9809741377830505,-1.2993605136871338,-1.428436040878296,-1.4886713027954102,-0.8303859829902649,-1.1272597312927246,-1.2563352584838867,-0.4431593716144562,-0.6711928248405457,-0.778755784034729,-0.877713680267334,SCISSORS
0.0,-0.17350813746452332,-0.20891796052455902,-0.19121305644512177,-0.19475403428077698,0.1380983144044876,0.11331143975257874,0.131016343832016,0.15934421122074127,0.19475403428077698,0.042491789907217026,0.0672786682844162,0.0672786682844162,0.09206554293632507,0.12393438816070557,0.15934421122074127,0.17350813746452332,0.22308188676834106,0.19475403428077698,0.16288518905639648,0.14872126281261444,0.0,-0.2655736804008484,-0.6055079698562622,-1.0445897579193115,-0.8427538275718689,-1.0870815515518188,-1.3314093351364136,-1.5474092960357666,-0.6692456603050232,-0.9808521270751953,-0.7967210412025452,-1.1260324716567993,-1.3314093351364136,-1.5049175024032593,-0.7471473217010498,-1.2074750661849976,-1.391606092453003,-0.5346883535385132,-0.7754751443862915,-0.9419013261795044,-1.083540678024292,SCISSORS
0.0,-0.16481226682662964,-0.1957145780324936,-0.1751130372285843,-0.17854662239551544,0.13390997052192688,0.12017561495304108,0.14077715575695038,0.15451151132583618,0.1888473927974701,0.04463665559887886,0.06867177784442902,0.07553895562887192,0.09270690381526947,0.11674202978610992,0.16481226682662964,0.1819802224636078,0.2094489336013794,0.1888473927974701,0.16481226682662964,0.15451151132583618,0.0,-0.25408560037612915,-0.5871437191963196,-1.0094751119613647,-0.820627748966217,-1.0815805196762085,-1.315064549446106,-1.5210798978805542,-0.6695498824119568,-0.9820064306259155,-0.7862918972969055,-1.1090492010116577,-1.3047637939453125,-1.4764432907104492,-0.7416552305221558,-1.191455364227295,-1.370002031326294,-0.5390734672546387,-0.7794247269630432,-0.9373698234558105,-1.071279764175415,SCISSORS
0.0,-0.1524677872657776,-0.16517344117164612,-0.13658572733402252,-0.1429385542869568,0.18105550110340118,0.1842319220304489,0.20646680891513824,0.19376115500926971,0.23505450785160065,0.08576313406229019,0.12705649435520172,0.13658572733402252,0.14611497521400452,0.15882061421871185,0.2318781018257141,0.24776016175746918,0.23823092877864838,0.24776016175746918,0.2318781018257141,0.22552527487277985,0.0,-0.2223488688468933,-0.5368136763572693,-0.9561001062393188,-0.7750446200370789,-1.0513924360275269,-1.2864470481872559,-1.4897373914718628,-0.6638701558113098,-0.9719821810722351,-0.7623389363288879,-1.0704509019851685,-1.2705649137496948,-1.4516204595565796,-0.7337512373924255,-1.1943310499191284,-1.372210144996643,-0.5526957511901855,-0.7972794771194458,-0.9624529480934143,-1.102215051651001,SCISSORS
0.0,-0.1489039659500122,-0.1553780436515808,-0.1456669121980667,-0.1424298733472824,0.22011889517307281,0.2622004449367523,0.2978079319000244,0.23306706547737122,0.2751486301422119,0.1068224087357521,0.1586150825023651,0.194222554564476,0.22011889517307281,0.1715632528066635,0.2880967855453491,0.3172301650047302,0.2557263672351837,0.2816227078437805,0.2945708930492401,0.304282009601593,0.0,-0.22011889517307281,-0.5308749675750732,-0.9387423396110535,-0.7639420628547668,-1.0293796062469482,-1.2786318063735962,-1.4728543758392334,-0.653882622718811,-0.961401641368866,-0.7509939074516296,-1.0326166152954102,-1.2268391847610474,-1.4081135988235474,-0.7283346056938171,-1.1782835721969604,-1.353083848953247,-0.5600084066390991,-0.8124976754188538,-0.9711127877235413,-1.1038315296173096,SCISSORS
0.0,-0.13342761993408203,-0.11118968576192856,-0.122308649122715,-0.029650582000613213,0.2705615758895874,0.3743385970592499,0.4558776915073395,0.3669259548187256,0.3372753858566284,0.25573626160621643,0.352100670337677,0.4262271225452423,0.3335690498352051,0.30021214485168457,0.4521713852882385,0.5188851952552795,0.3372753858566284,0.38175123929977417,0.418814480304718,0.4558776915073395,0.0,-0.21496671438217163,-0.5374168157577515,-0.9154617190361023,-0.8635731935501099,-1.0007071495056152,-1.3379825353622437,-1.5751872062683105,-0.911755383014679,-0.9414060115814209,-0.8746922016143799,-1.1489601135253906,-1.3750457763671875,-1.2823877334594727,-0.8190973401069641,-1.263856053352356,-1.463997483253479,-0.5559484362602234,-0.8228036761283875,-1.0192387104034424,-1.186023235321045,SCISSORS
0.0,0.1003134548664093,0.23254482448101044,0.2872612476348877,0.3055000603199005,0.44229114055633545,0.6064404249191284,0.7295523881912231,0.7204329967498779,0.3784552812576294,0.5106866359710693,0.642918050289154,0.7341120839118958,0.35109707713127136,0.43773141503334045,0.5380448698997498,0.6337985992431641,0.22798511385917664,0.2872612476348877,0.32829856872558594,0.3830150067806244,0.0,-0.2690224349498749,-0.6839553713798523,-1.0441718101501465,-1.258477807044983,-0.9484180808067322,-1.4271868467330933,-1.7235674858093262,-1.9196346998214722,-0.9256196022033691,-1.4636644124984741,-1.7965227365493774,-2.060985565185547,-0.8937016725540161,-1.3405524492263794,-1.646052598953247,-1.8922765254974365,-0.7021941542625427,-1.089768886566162,-1.3314330577850342,-1.5320600271224976,SCISSORS
0.0,0.30220749974250793,0.516818642616272,0.5606167912483215,0.5868957042694092,0.5036791563034058,0.6306939125061035,0.7182902693748474,0.7314297556877136,0.3109671473503113,0.45550116896629333,0.5781360864639282,0.643833339214325,0.16643311083316803,0.26278913021087646,0.3591451346874237,0.4292222559452057,-0.05693764612078667,0.03065873123705387,0.09197619557380676,0.14015419781208038,0.0,-0.21899093687534332,-0.5956553816795349,-0.9110023379325867,-1.1343730688095093,-0.9285215735435486,-1.3752630949020386,-1.629292607307434,-1.8833221197128296,-0.9504206776618958,-1.497897982597351,-1.7606871128082275,-2.0190963745117188,-0.9197619557380676,-1.4059218168258667,-1.6336724758148193,-1.8658027648925781,-0.8102664947509766,-1.1606520414352417,-1.3796429634094238,-1.5679751634597778,SCISSORS
0.0,0.353605180978775,0.5922886729240417,0.6320692896842957,0.6762698888778687,0.5834485292434692,0.7293106913566589,0.8265520930290222,0.8044517636299133,0.34918510913848877,0.4596867263317108,0.5878686308860779,0.6541695594787598,0.15028220415115356,0.20774304866790771,0.33150485157966614,0.4110660254955292,-0.12376181036233902,-0.048620712012052536,0.01768025942146778,0.07072103768587112,0.0,-0.20774304866790771,-0.5790284872055054,-0.9061132669448853,-1.1536369323730469,-0.9370537400245667,-1.3790602684020996,-1.61332368850708,-1.8520071506500244,-0.9370537400245667,-1.4674614667892456,-1.7149851322174072,-1.9448285102844238,-0.8663327097892761,-1.3525397777557373,-1.5691230297088623,-1.7812861204147339,-0.7602511644363403,-1.096176028251648,-1.2994990348815918,-1.476301670074463,SCISSORS
0.0,0.34946495294570923,0.5838621854782104,0.6136945486068726,0.6563122272491455,0.5455062985420227,0.6861446499824524,0.7756417393684387,0.7713800072669983,0.3111090660095215,0.4261767864227295,0.5455062985420227,0.6051710247993469,0.11080596596002579,0.17899425327777863,0.3068472743034363,0.3792973458766937,-0.1449001133441925,-0.05966474860906601,0.021308839321136475,0.07671181857585907,0.0,-0.18751779198646545,-0.5497680306434631,-0.8608770966529846,-1.0995360612869263,-0.9418507218360901,-1.3637657165527344,-1.5725923776626587,-1.7899425029754639,-0.9503742456436157,-1.4532628059387207,-1.662089467048645,-1.8794395923614502,-0.8779242038726807,-1.3424568176269531,-1.5384981632232666,-1.73453950881958,-0.7799035310745239,-1.1037979125976562,-1.2870539426803589,-1.4532628059387207,SCISSORS
0.0,0.3726893663406372,0.5890896320343018,0.601111888885498,0.5770674347877502,0.5329858660697937,0.6772527098655701,0.7734306454658508,0.8014824986457825,0.300555944442749,0.42879316210746765,0.5410007238388062,0.6051192879676819,0.08014824986457825,0.17632615566253662,0.2965485453605652,0.3726893663406372,-0.14025944471359253,-0.060111191123723984,0.024044476449489594,0.08415566384792328,0.0,-0.18033356964588165,-0.5410007238388062,-0.8736159801483154,-1.1060458421707153,-0.9297197461128235,-1.350498080253601,-1.542853832244873,-1.7552467584609985,-0.9537642002105713,-1.4266388416290283,-1.6189947128295898,-1.819365382194519,-0.8856381773948669,-1.330461025238037,-1.5107945203781128,-1.691128134727478,-0.8135047554969788,-1.130090355873108,-1.2903869152069092,-1.4426685571670532,SCISSORS
0.0,0.29645460844039917,0.5153749585151672,0.6476393342018127,0.7114911079406738,0.3283804953098297,0.5290574431419373,0.6704435348510742,0.7981470227241516,0.1961161345243454,0.4287189841270447,0.633956789970398,0.7206127643585205,0.07753428816795349,0.3375021815299988,0.5244966149330139,0.6020309329032898,0.02736504189670086,0.25540706515312195,0.38311058282852173,0.4606448709964752,0.0,-0.23260284960269928,-0.6476393342018127,-1.0809191465377808,-1.2907178401947021,-0.9988240003585815,-1.4047387838363647,-1.6145374774932861,-1.8836270570755005,-0.9805806875228882,-1.4594688415527344,-1.692071795463562,-1.9292354583740234,-0.866559624671936,-1.3454478979110718,-1.5415639877319336,-1.7559235095977783,-0.7799037098884583,-1.0991624593734741,-1.2861570119857788,-1.4594688415527344,SCISSORS
0.0,0.2775544226169586,0.5402398705482483,0.7533619999885559,0.907008171081543,0.3915499746799469,0.6641480922698975,0.8029252886772156,0.8277069330215454,0.3072924017906189,0.5699778199195862,0.7484056353569031,0.8078815937042236,0.2428601086139679,0.5105018615722656,0.7037987112998962,0.7682309746742249,0.19329681992530823,0.4758075773715973,0.6046721339225769,0.6839733719825745,0.0,-0.35685569047927856,-0.8772702217102051,-1.3729031085968018,-1.6554138660430908,-1.070567011833191,-1.5067239999771118,-1.6554138660430908,-1.8586232662200928,-0.9516151547431946,-1.4670733213424683,-1.6207195520401,-1.8041037321090698,-0.7484056353569031,-1.2390822172164917,-1.3580341339111328,-1.516636610031128,-0.589803159236908,-0.8822265267372131,-1.0160473585128784,-1.1399556398391724,SCISSORS
0.0,0.38899415731430054,0.6662083864212036,0.8092867136001587,0.9031818509101868,0.49630287289619446,0.6975067853927612,0.818229079246521,0.8584698438644409,0.2906278073787689,0.4739468991756439,0.6572659611701965,0.7288051247596741,0.11177992820739746,0.28615662455558777,0.4739468991756439,0.5454860329627991,-0.0670679584145546,0.12966471910476685,0.250387042760849,0.3263973891735077,0.0,-0.23697344958782196,-0.6796219944953918,-1.14015531539917,-1.3860710859298706,-0.9836633801460266,-1.3815999031066895,-1.5157358646392822,-1.7169396877288818,-0.9568361639976501,-1.4307830333709717,-1.5559766292572021,-1.7258820533752441,-0.8227002620697021,-1.2877048254013062,-1.3950135707855225,-1.5425629615783691,-0.7377475500106812,-1.0373177528381348,-1.1625112295150757,-1.2877048254013062,SCISSORS
0.0,0.27597224712371826,0.49581456184387207,0.6782369017601013,0.7951743006706238,0.32742470502853394,0.4724270701408386,0.5566219687461853,0.5519444942474365,0.21048730611801147,0.3367796838283539,0.4443621039390564,0.45371708273887634,0.11693739145994186,0.2666172683238983,0.3929096460342407,0.4303296208381653,0.051452454179525375,0.23387478291988373,0.3321022093296051,0.3929096460342407,0.0,-0.4443621039390564,-1.0337265729904175,-1.5950260162353516,-1.899063229560852,-1.1693739891052246,-1.5576061010360718,-1.5903486013412476,-1.6558334827423096,-0.977596640586853,-1.4313137531280518,-1.464056134223938,-1.5482510328292847,-0.7530767917633057,-1.1225990056991577,-1.1085665225982666,-1.1740514039993286,-0.49581456184387207,-0.7109793424606323,-0.7343668341636658,-0.7764642834663391,SCISSORS
0.0,0.14332395792007446,0.3360699713230133,0.5732958316802979,0.6622555255889893,0.28170570731163025,0.46456730365753174,0.5288159847259521,0.5041049718856812,0.2668790817260742,0.4299718737602234,0.4991627335548401,0.4991627335548401,0.2866479158401489,0.4497406780719757,0.5535269975662231,0.5782380104064941,0.2718212902545929,0.47939392924308777,0.5584691762924194,0.6128334403038025,0.0,-0.5139893293380737,-1.126822829246521,-1.6852920055389404,-1.9719399213790894,-1.2157825231552124,-1.6111589670181274,-1.6111589670181274,-1.561736822128296,-0.9637300372123718,-1.383817434310913,-1.3986440896987915,-1.438181757926941,-0.6919087171554565,-1.0180943012237549,-0.9933832883834839,-1.0180943012237549,-0.380549818277359,-0.5881224274635315,-0.5831802487373352,-0.5831802487373352,SCISSORS
0.0,0.09302481263875961,0.29457858204841614,0.5633168816566467,0.6770138740539551,0.3204188048839569,0.5168045163154602,0.573652982711792,0.5684849619865417,0.3669312000274658,0.5581488609313965,0.609829306602478,0.5943251848220825,0.42377969622612,0.6253334283828735,0.7131901979446411,0.7390304207801819,0.44961991906166077,0.6873499751091003,0.7597026228904724,0.8217191696166992,0.0,-0.5478127598762512,-1.188650369644165,-1.767471432685852,-2.0723860263824463,-1.188650369644165,-1.6434383392333984,-1.6847827434539795,-1.6486064195632935,-0.9302480816841125,-1.4108762741088867,-1.4677248001098633,-1.5400774478912354,-0.6563417315483093,-1.0387771129608154,-1.049113154411316,-1.0956255197525024,-0.3307548761367798,-0.578821063041687,-0.609829306602478,-0.6305015087127686,SCISSORS
0.0,0.037987418472766876,0.2496315985918045,0.5372506380081177,0.6674931645393372,0.36902061104774475,0.6457861065864563,0.8031625151634216,0.8140161037445068,0.4341419041156769,0.6403592824935913,0.8302963972091675,0.9279783368110657,0.5426774024963379,0.7543215751647949,0.9713925123214722,1.0690743923187256,0.5589576959609985,0.8465766906738281,0.9768192768096924,1.0853548049926758,0.0,-0.5535309314727783,-1.1613296270370483,-1.7094337940216064,-1.9156512022018433,-1.1830366849899292,-1.6714463233947754,-1.872236967086792,-1.8071156740188599,-0.9008444547653198,-1.448948621749878,-1.7040070295333862,-1.910224437713623,-0.7597483396530151,-1.0962083339691162,-1.264438271522522,-1.4435218572616577,-0.2984725534915924,-0.5643844604492188,-0.7054805755615234,-0.8302963972091675,SCISSORS
0.0,0.06540213525295258,0.27795907855033875,0.5559181571006775,0.692172646522522,0.35971176624298096,0.6213203072547913,0.7684751152992249,0.7848256826400757,0.41421353816986084,0.6049697995185852,0.7848256826400757,0.8720285296440125,0.49596622586250305,0.713973343372345,0.9156299233436584,1.008283019065857,0.5232170820236206,0.7957260012626648,0.9210801124572754,1.0191832780838013,0.0,-0.5341174602508545,-1.1281869411468506,-1.6514040231704712,-1.847610354423523,-1.1772384643554688,-1.662304401397705,-1.8694111108779907,-1.8149093389511108,-0.9101797342300415,-1.4660979509353638,-1.716806173324585,-1.9239128828048706,-0.7957260012626648,-1.1281869411468506,-1.2862420082092285,-1.471548080444336,-0.332460880279541,-0.5995196104049683,-0.7412242293357849,-0.8665783405303955,SCISSORS
0.0,0.06926240772008896,0.2539621591567993,0.45597752928733826,0.6060460805892944,0.294365257024765,0.4790650010108948,0.5656430125236511,0.6060460805892944,0.3693995177745819,0.4848368763923645,0.5656430125236511,0.6175898313522339,0.3867151141166687,0.5656430125236511,0.7041678428649902,0.7849739789962769,0.4848368763923645,0.6464491486549377,0.7445709109306335,0.8426926732063293,0.0,-0.461749404668808,-1.0273923873901367,-1.471826195716858,-1.8065944910049438,-1.1659172773361206,-1.7431039810180664,-1.9104881286621094,-1.9278037548065186,-0.9292706847190857,-1.5353167057037354,-1.6853853464126587,-1.8643132448196411,-0.7272552847862244,-1.1486016511917114,-1.2640390396118164,-1.396791934967041,-0.3520839214324951,-0.6175898313522339,-0.7041678428649902,-0.7907458543777466,SCISSORS
0.0,0.305187851190567,0.521166980266571,0.610375702381134,0.6808037161827087,0.39909180998802185,0.4554342031478882,0.5399477481842041,0.6291565299034119,0.19250310957431793,0.2441502958536148,0.36153024435043335,0.42256781458854675,-0.004695198033004999,0.05634237453341484,0.14555113017559052,0.21597909927368164,-0.13146553933620453,-0.12677034735679626,-0.07042796909809113,-0.018780792132019997,0.0,-0.1596367359161377,-0.4507389962673187,-0.6620228886604309,-0.8545260429382324,-0.9719059467315674,-1.4085593223571777,-1.624538540840149,-1.863993525505066,-0.9812963604927063,-1.4742921590805054,-1.694966435432434,-1.9156407117843628,-0.9014779925346375,-1.3475217819213867,-1.54472017288208,-1.7419184446334839,-0.7840980291366577,-1.093981146812439,-1.2489227056503296,-1.4038641452789307,SCISSORS
0.0,0.0451681949198246,0.2201949506998062,0.4516819417476654,0.5928325653076172,0.2201949506998062,0.39522168040275574,0.5137882232666016,0.5984785556793213,0.29923927783966064,0.43474385142326355,0.5589563846588135,0.632354736328125,0.3274694085121155,0.5476643443107605,0.7226911187171936,0.8130275011062622,0.47991204261779785,0.6662308573722839,0.7847973704338074,0.8977178335189819,0.0,-0.4516819417476654,-0.9880542159080505,-1.4058600664138794,-1.6994532346725464,-1.1913111209869385,-1.727683424949646,-1.902710199356079,-1.9196481704711914,-0.9541780948638916,-1.513134479522705,-1.6994532346725464,-1.8914180994033813,-0.7622132897377014,-1.1461429595947266,-1.270355463027954,-1.4284441471099854,-0.38392964005470276,-0.6210626363754272,-0.7113990187644958,-0.8130275011062622,SCISSORS
0.0,0.1617388129234314,0.345786452293396,0.5744516849517822,0.725036084651947,0.345786452293396,0.5242568850517273,0.6692640781402588,0.7696536779403687,0.3179004490375519,0.4796392619609833,0.6748412847518921,0.7361904978752136,0.25655123591423035,0.5354112386703491,0.7194588780403137,0.808694064617157,0.345786452293396,0.5911832451820374,0.7083044648170471,0.8031168580055237,0.0,-0.43502163887023926,-0.9760100841522217,-1.4444949626922607,-1.6843146085739136,-1.1489033699035645,-1.572770595550537,-1.7791270017623901,-1.9520201683044434,-0.9481241106987,-1.5225757360458374,-1.756818175315857,-1.96317458152771,-0.7919625043869019,-1.2492929697036743,-1.3775686025619507,-1.5783478021621704,-0.5075252652168274,-0.758499264717102,-0.9035065174102783,-1.0485137701034546,SCISSORS
0.0,0.24081413447856903,0.48162826895713806,0.6772897243499756,0.8328155279159546,0.35620424151420593,0.6371540427207947,0.8177646398544312,0.8779681921005249,0.28596678376197815,0.5618996620178223,0.7625780701637268,0.8528833985328674,0.24583108723163605,0.4966791272163391,0.7274593710899353,0.8227816224098206,0.1906445175409317,0.4615604281425476,0.6271201372146606,0.7324762940406799,0.0,-0.3812890350818634,-0.9030529856681824,-1.3796643018722534,-1.6606141328811646,-1.0786466598510742,-1.5452239513397217,-1.7057667970657349,-1.8964112997055054,-0.9582395553588867,-1.490037441253662,-1.6706479787826538,-1.8663095235824585,-0.7726119756698608,-1.2492233514785767,-1.4047490358352661,-1.5652918815612793,-0.5769504904747009,-0.8930190801620483,-1.0435278415679932,-1.1739689111709595,SCISSORS
0.0,0.10224863141775131,0.2658464312553406,0.439669132232666,0.5010182857513428,0.29140859842300415,0.5623674988746643,0.7770895957946777,0.8946755528450012,0.27607131004333496,0.5470302104949951,0.8026517629623413,0.9253501296043396,0.28629615902900696,0.5777047872543335,0.8026517629623413,0.92023766040802,0.3323080539703369,0.5828171968460083,0.7208528518676758,0.8179890513420105,0.0,-0.3271956145763397,-0.7975393533706665,-1.252545714378357,-1.4621554613113403,-1.032711148262024,-1.4570430517196655,-1.6973272562026978,-1.9785109758377075,-0.9611371159553528,-1.4672678709030151,-1.7382267713546753,-1.9887359142303467,-0.8077641725540161,-1.2934452295303345,-1.523504614830017,-1.7535640001296997,-0.659503698348999,-0.9866992831230164,-1.2014213800430298,-1.3905813694000244,SCISSORS
0.0,0.2808085083961487,0.4663426876068115,0.5014437437057495,0.48640042543411255,0.3259384334087372,0.5114726424217224,0.5716458559036255,0.5415592193603516,0.1554475575685501,0.3660539388656616,0.456313818693161,0.45129936933517456,0.035101063549518585,0.21562081575393677,0.28582292795181274,0.2908373773097992,-0.12536093592643738,0.045129936188459396,0.09025987237691879,0.09527431428432465,0.0,-0.36103948950767517,-0.8323966264724731,-1.2586238384246826,-1.4592013359069824,-1.0881329774856567,-1.3839846849441528,-1.3839846849441528,-1.3889992237091064,-0.9878441691398621,-1.3087681531906128,-1.3288259506225586,-1.3639270067214966,-0.8273822069168091,-1.1332628726959229,-1.1282484531402588,-1.1683639287948608,-0.6568912863731384,-0.9025987386703491,-0.9226564764976501,-0.94772869348526,SCISSORS
0.0,0.23682554066181183,0.40598663687705994,0.47365108132362366,0.47848424315452576,0.38182076811790466,0.550981879234314,0.6089799404144287,0.5799809098243713,0.2561582326889038,0.4398188591003418,0.541315495967865,0.550981879234314,0.1691610962152481,0.3431553542613983,0.4156529903411865,0.4301525056362152,0.03383221849799156,0.20782649517059326,0.24165870249271393,0.2561582326889038,0.0,-0.3431553542613983,-0.8119732737541199,-1.2566252946853638,-1.4547854661941528,-1.0632983446121216,-1.382287859916687,-1.4837844371795654,-1.5562820434570312,-0.9666348099708557,-1.3339561223983765,-1.4596185684204102,-1.5707815885543823,-0.8264727592468262,-1.1696281433105469,-1.251792073249817,-1.362955093383789,-0.6524785161018372,-0.9134699106216431,-1.0053001642227173,-1.0922973155975342,SCISSORS
0.0,-0.16536560654640198,-0.14519907534122467,-0.12099922448396683,-0.03629976883530617,0.21376529335975647,0.3226645886898041,0.39929744601249695,0.3428311347961426,0.3065313696861267,0.2944314479827881,0.3750976026058197,0.4234972894191742,0.3629976809024811,0.3670309782028198,0.4557637572288513,0.5041634440422058,0.4033307433128357,0.42753058671951294,0.43963050842285156,0.4557637572288513,0.0,-0.26216498017311096,-0.5928962230682373,-0.8550611734390259,-0.9115275144577026,-1.0083268880844116,-1.3713245391845703,-1.5931564569473267,-1.2019256353378296,-0.9518605470657349,-1.06882643699646,-1.310824990272522,-1.5165235996246338,-1.149492621421814,-0.9921936392784119,-1.347124695777893,-1.540723443031311,-0.6049961447715759,-0.899427592754364,-1.0889930725097656,-1.246291995048523,SCISSORS
0.0,-0.13057555258274078,-0.10881295800209045,-0.14363311231136322,-0.09575540572404861,0.27856117486953735,0.3873741328716278,0.4352518320083618,0.36125901341438293,0.35255399346351624,0.3873741328716278,0.4047842025756836,0.44830939173698425,0.43960437178611755,0.4221942722797394,0.44830939173698425,0.49618709087371826,0.40913674235343933,0.4134892523288727,0.40043169260025024,0.4221942722797394,0.0,-0.23938851058483124,-0.5832374691963196,-0.8530936241149902,-1.0010792016983032,-0.9532015323638916,-1.3623383045196533,-1.6191368103027344,-1.5451440811157227,-0.9357914328575134,-1.244820237159729,-1.4972662925720215,-1.710539698600769,-1.0271943807601929,-1.1534173488616943,-1.4580936431884766,-1.6583094596862793,-0.6876978874206543,-1.00978422164917,-1.201295018196106,-1.3623383045196533,SCISSORS
0.0,0.17365717887878418,0.2877747416496277,0.22327351570129395,0.1835804432630539,0.4663935601711273,0.5755494832992554,0.5904343724250793,0.49616336822509766,0.34731435775756836,0.41677722334861755,0.436623752117157,0.46143192052841187,0.28281310200691223,0.25800493359565735,0.27785149216651917,0.3076212704181671,0.049616336822509766,0.06450123339891434,0.049616336822509766,0.05953960120677948,0.0,-0.28281310200691223,-0.6847054362297058,-1.0121732950210571,-1.2751398086547852,-0.9923267364501953,-1.4487969875335693,-1.6373391151428223,-1.7365717887878418,-0.9377487301826477,-1.4041422605514526,-1.6026076078414917,-1.7613799571990967,-0.8484393358230591,-1.2205618619918823,-1.3892574310302734,-1.5381064414978027,-0.64997398853302,-0.9476720094680786,-1.061789631843567,-1.1709455251693726,SCISSORS
0.0,0.16733548045158386,0.27561137080192566,0.2165517956018448,0.18702200055122375,0.4675550162792206,0.5659876465797424,0.5758309364318848,0.4773982763290405,0.3543574810028076,0.41833868622779846,0.4331035912036896,0.4478684961795807,0.2903762757778168,0.2706897556781769,0.27561137080192566,0.3002195358276367,0.06398121267557144,0.08366774022579193,0.06398121267557144,0.06890284270048141,0.0,-0.2854546308517456,-0.6988717317581177,-1.0286210775375366,-1.2845458984375,-0.9990912079811096,-1.4518814086914062,-1.6389033794403076,-1.7324143648147583,-0.9351100325584412,-1.4026650190353394,-1.5995303392410278,-1.7619441747665405,-0.851442277431488,-1.215643048286438,-1.3780568838119507,-1.5257058143615723,-0.6398121118545532,-0.9301884174346924,-1.0433858633041382,-1.1565834283828735,SCISSORS
0.0,-0.14807192981243134,-0.15586519241333008,-0.17145171761512756,-0.11689889430999756,0.19872812926769257,0.2610742151737213,0.31562700867652893,0.2532809376716614,0.25717756152153015,0.17534834146499634,0.24159105122089386,0.2883506119251251,0.2493843138217926,0.22990116477012634,0.3195236623287201,0.3623865842819214,0.2805573642253876,0.2805573642253876,0.28445398807525635,0.29614385962486267,0.0,-0.21041801571846008,-0.5065618753433228,-0.8299821615219116,-0.7364630699157715,-1.0248136520385742,-1.3092676401138306,-1.5196856260299683,-0.8182922601699829,-0.9663642048835754,-0.8299821615219116,-1.0949530601501465,-1.2975777387619019,-1.317060947418213,-0.7910158634185791,-1.2274384498596191,-1.410580039024353,-0.5767012238502502,-0.8299821615219116,-1.0053305625915527,-1.1572990417480469,SCISSORS
0.0,-0.09319914132356644,-0.12038222700357437,-0.1669818013906479,-0.12814882397651672,0.1980481892824173,0.22523126006126404,0.2834807336330414,0.23688116669654846,0.20581477880477905,0.19416488707065582,0.2485310584306717,0.2834807336330414,0.22134797275066376,0.20969808101654053,0.2291145622730255,0.27183082699775696,0.18639828264713287,0.15144860744476318,0.13591541349887848,0.14368201792240143,0.0,-0.28736403584480286,-0.6329775452613831,-0.9863576292991638,-0.9281081557273865,-1.0873233079910278,-1.3863372802734375,-1.6193351745605469,-1.0290738344192505,-0.9785910248756409,-0.9708244204521179,-1.3125545978546143,-1.5106028318405151,-1.3047879934310913,-0.8892751932144165,-1.2970213890075684,-1.4795364141464233,-0.5514282584190369,-0.8232591152191162,-0.9902409315109253,-1.1300396919250488,SCISSORS
0.0,-0.11361333727836609,-0.12094323337078094,-0.17225247621536255,-0.14659786224365234,0.2162318378686905,0.2418864667415619,0.2712060213088989,0.18691226840019226,0.23822151124477386,0.14659786224365234,0.1905772089958191,0.22356173396110535,0.2308916300535202,0.17225247621536255,0.23822151124477386,0.2675410807132721,0.1905772089958191,0.19790710508823395,0.20157204568386078,0.21256689727306366,0.0,-0.23455657064914703,-0.5460770130157471,-0.9382262825965881,-0.7769686579704285,-1.0518395900726318,-1.3303755521774292,-1.5466073751449585,-0.6596903800964355,-0.971210777759552,-0.7586439251899719,-1.0628345012664795,-1.2754013538360596,-1.469643473625183,-0.7183294892311096,-1.1911076307296753,-1.3816847801208496,-0.5424120426177979,-0.7806335687637329,-0.9418912529945374,-1.088489055633545,SCISSORS
0.0,-0.01946188323199749,0.007784753106534481,-0.05838564783334732,-0.031139012426137924,0.2491120994091034,0.2919282615184784,0.3152824938297272,0.15958744287490845,0.1946188360452652,0.23354259133338928,0.28414350748062134,0.32695963978767395,0.2646816074848175,0.1790493279695511,0.1946188360452652,0.22965022921562195,0.05449327453970909,0.046708520501852036,0.05449327453970909,0.06227802485227585,0.0,-0.2646816074848175,-0.6033183932304382,-1.0236951112747192,-0.8679999709129333,-1.0704035758972168,-1.3584394454956055,-1.5841972827911377,-0.6811659336090088,-0.9808788895606995,-0.7784753441810608,-1.0898654460906982,-1.3078385591506958,-1.4791030883789062,-0.723982036113739,-1.1949596405029297,-1.3895784616470337,-0.5371479988098145,-0.7706905603408813,-0.9302780032157898,-1.0781883001327515,SCISSORS
0.0,-0.1518818438053131,-0.15894612669944763,-0.14128543436527252,-0.13068902492523193,0.2013317495584488,0.257845938205719,0.30023154616355896,0.22605670988559723,0.26491019129753113,0.10243194550275803,0.14834971725940704,0.1907353401184082,0.20839601755142212,0.17660680413246155,0.2931672930717468,0.32848864793777466,0.2684423327445984,0.2861030101776123,0.2931672930717468,0.3037636876106262,0.0,-0.21546030044555664,-0.5192239880561829,-0.9148232340812683,-0.741748571395874,-1.0384479761123657,-1.3068903684616089,-1.5223506689071655,-0.6605094075202942,-0.9642731547355652,-0.7629413604736328,-1.0455121994018555,-1.260972499847412,-1.441111445426941,-0.7382164001464844,-1.2009261846542358,-1.391661524772644,-0.5545453429222107,-0.8017948865890503,-0.9678052663803101,-1.1161550283432007,SCISSORS
0.0,-0.12834762036800385,-0.12159248441457748,-0.11483734846115112,-0.1013270765542984,0.2533176839351654,0.27696067094802856,0.29722607135772705,0.2702055275440216,0.29384851455688477,0.16550087928771973,0.22629712522029877,0.2364298403263092,0.21616442501544952,0.2364298403263092,0.3073588013648987,0.31411391496658325,0.27696067094802856,0.31073635816574097,0.29384851455688477,0.2837158143520355,0.0,-0.21278685331344604,-0.5201456546783447,-0.9355866312980652,-0.7430651783943176,-1.0267809629440308,-1.2530781030654907,-1.4523546695709229,-0.6417381167411804,-0.9558520317077637,-0.749820351600647,-1.030158519744873,-1.2226799726486206,-1.4084463119506836,-0.7329325079917908,-1.175394058227539,-1.3510276079177856,-0.5606764554977417,-0.8004838824272156,-0.9727398753166199,-1.1179753541946411,SCISSORS
0.0,-0.15989431738853455,-0.19259996712207794,-0.19259996712207794,-0.17443016171455383,0.1344565898180008,0.1671622395515442,0.2035018652677536,0.18896600604057312,0.21076978743076324,0.03270565718412399,0.07267923653125763,0.1017509326338768,0.11992073804140091,0.12355469912290573,0.24347543716430664,0.26527920365333557,0.2543773353099823,0.27981504797935486,0.2870829701423645,0.29798486828804016,0.0,-0.22893959283828735,-0.5378263592720032,-0.9157583713531494,-0.7631319761276245,-1.0538488626480103,-1.300958275794983,-1.4899243116378784,-0.67955082654953,-0.9775357246398926,-0.7594980001449585,-1.0538488626480103,-1.2464488744735718,-1.3954412937164307,-0.7413281798362732,-1.1955734491348267,-1.366369605064392,-0.5705320239067078,-0.8285433053970337,-0.9884375929832458,-1.1192601919174194,SCISSORS
0.0,-0.10911571234464645,-0.1267150193452835,-0.08799654245376587,-0.09503626078367233,0.014079445973038673,0.024639030918478966,0.028158891946077347,0.11263556778430939,0.08799654245376587,-0.03167875483632088,-0.056317783892154694,-0.056317783892154694,-0.06687737256288528,0.05279792472720146,0.1020759865641594,0.11615543067455292,0.1724732220172882,0.17951294779777527,0.1830327957868576,0.1935923844575882,0.0,-0.21471156179904938,-0.5279792547225952,-0.9644420742988586,-0.7919688820838928,-1.0841174125671387,-1.2601104974746704,-1.404424786567688,-0.6969326138496399,-0.996120810508728,-0.7743695378303528,-1.0805975198745728,-1.2284317016601562,-1.3516268730163574,-0.7462106347084045,-1.1298755407333374,-1.2565906047821045,-0.5807771682739258,-0.8166078925132751,-0.9186838865280151,-1.017240047454834,SCISSORS
0.0,-0.019621258601546288,-0.0523233562707901,-0.11118713766336441,-0.09810629487037659,-0.13080839812755585,-0.17005091905593872,-0.17986154556274414,-0.1013765037059784,-0.1569700688123703,-0.03270209953188896,-0.1046467125415802,-0.13407860696315765,-0.17659133672714233,-0.04578293859958649,-0.17659133672714233,-0.17986154556274414,-0.09810629487037659,-0.16678071022033691,-0.17332112789154053,-0.17659133672714233,0.0,-0.28777846693992615,-0.6540419459342957,-1.111871361732483,-0.9647119045257568,-1.1314926147460938,-1.344056248664856,-1.491215705871582,-0.6671228408813477,-0.9876033663749695,-0.8110120296478271,-1.1249521970748901,-1.2753818035125732,-1.376758337020874,-0.7259865999221802,-1.1184117794036865,-1.2492201328277588,-0.49380168318748474,-0.7357972264289856,-0.8339034914970398,-0.9320098161697388,SCISSORS
0.0,0.08468302339315414,0.08468302339315414,-0.006774641573429108,0.03387320786714554,-0.15242943167686462,-0.22356317937374115,-0.25404906272888184,-0.17275336384773254,-0.26082369685173035,-0.023711245507001877,-0.08468302339315414,-0.1388801485300064,-0.2574363946914673,-0.10839426517486572,-0.3217954933643341,-0.34889405965805054,-0.28114762902259827,-0.365830659866333,-0.389541894197464,-0.41325312852859497,0.0,-0.3319574296474457,-0.731661319732666,-1.185562252998352,-1.0805553197860718,-1.1347525119781494,-1.371864914894104,-1.5073577165603638,-0.745210587978363,-0.9653864502906799,-0.8942527174949646,-1.1720130443572998,-1.310893177986145,-1.310893177986145,-0.765534520149231,-1.0941046476364136,-1.2228227853775024,-0.46406295895576477,-0.6977881193161011,-0.7858584523200989,-0.8773161172866821,SCISSORS
0.0,0.11566365510225296,0.09865429252386093,-0.013607488945126534,0.030616849660873413,-0.2585422992706299,-0.36059844493865967,-0.41843026876449585,-0.26874789595603943,-0.3708040714263916,-0.0816449299454689,-0.15988799929618835,-0.24153292179107666,-0.3469909727573395,-0.16669173538684845,-0.44224339723587036,-0.4966733455657959,-0.3503928482532501,-0.4388415217399597,-0.48646771907806396,-0.5272901654243469,0.0,-0.32998159527778625,-0.72459876537323,-1.1668422222137451,-1.0545803308486938,-1.1056084632873535,-1.3165245056152344,-1.4628050327301025,-0.6905800700187683,-0.9287111163139343,-0.8470661640167236,-1.1328234672546387,-1.2893096208572388,-1.3335338830947876,-0.7211968898773193,-1.0545803308486938,-1.1974589824676514,-0.4388415217399597,-0.6497575640678406,-0.7654212713241577,-0.8674774169921875,SCISSORS
0.0,0.07408685237169266,0.08375035226345062,0.019327005371451378,0.051538679748773575,-0.15139487385749817,-0.22548173367977142,-0.26735690236091614,-0.16105838119983673,-0.24480873346328735,-0.0354328416287899,-0.09663502871990204,-0.14817370474338531,-0.2834627330303192,-0.10951969772577286,-0.3124532401561737,-0.34466493129730225,-0.2415875643491745,-0.3253379166126251,-0.3543284237384796,-0.38009777665138245,0.0,-0.25769340991973877,-0.5991371870040894,-1.0243313312530518,-0.8954845666885376,-1.108081579208374,-1.3335633277893066,-1.4881794452667236,-0.6764451861381531,-0.9695714116096497,-0.7988495230674744,-1.1016392707824707,-1.2659188508987427,-1.34000563621521,-0.7118780016899109,-1.1048604249954224,-1.2562553882598877,-0.47995397448539734,-0.7054356932640076,-0.8117341995239258,-0.9212539196014404,SCISSORS
0.0,-0.06710053235292435,-0.11183421313762665,-0.166153684258461,-0.15656790137290955,-0.1214200034737587,-0.1725442111492157,-0.19491106271743774,-0.063905268907547,-0.11183421313762665,-0.07988157868385315,-0.127810537815094,-0.16295842826366425,-0.20130158960819244,-0.06071000173687935,-0.1533726304769516,-0.16934895515441895,-0.0383431576192379,-0.09266263246536255,-0.115029476583004,-0.13100579380989075,0.0,-0.23325422406196594,-0.5623663067817688,-0.9905316233634949,-0.8339636921882629,-1.1023658514022827,-1.303667426109314,-1.4570400714874268,-0.6837863326072693,-0.9937268495559692,-0.7668631672859192,-1.0895848274230957,-1.2397621870040894,-1.3228390216827393,-0.7157389521598816,-1.1375137567520142,-1.2749100923538208,-0.5336089730262756,-0.7860347628593445,-0.8978689908981323,-1.0033127069473267,SCISSORS
0.0,-0.02221136912703514,-0.05711494758725166,-0.13326820731163025,-0.11740294843912125,-0.13326820731163025,-0.19355620443820953,-0.22528673708438873,-0.10153768211603165,-0.16182568669319153,-0.06663410365581512,-0.11422989517450333,-0.1586526334285736,-0.22528673708438873,-0.08567242324352264,-0.21259452402591705,-0.2379789501428604,-0.11740294843912125,-0.1745178997516632,-0.2062484174966812,-0.22845979034900665,0.0,-0.24115200340747833,-0.5774955749511719,-0.9995115995407104,-0.859897255897522,-1.0883570909500122,-1.2946054935455322,-1.4437389373779297,-0.7075907588005066,-0.9868193864822388,-0.780570924282074,-1.0851839780807495,-1.2311444282531738,-1.2850862741470337,-0.7298020720481873,-1.1359528303146362,-1.2692210674285889,-0.5457650423049927,-0.8027822971343994,-0.9138391613960266,-1.0153768062591553,SCISSORS
0.0,-0.12255427986383438,-0.17597536742687225,-0.18540261685848236,-0.18540261685848236,-0.09427252411842346,-0.12255427986383438,-0.12569668889045715,-0.0062848348170518875,-0.037709008902311325,-0.0911301001906395,-0.13512395322322845,-0.1508360356092453,-0.14769361913204193,-0.03142417222261429,-0.0502786785364151,-0.0502786785364151,0.07541801780462265,0.037709008902311325,0.02828175574541092,0.02828175574541092,0.0,-0.22311162948608398,-0.5436382293701172,-0.9678645730018616,-0.7950316071510315,-1.1061309576034546,-1.2946759462356567,-1.4486544132232666,-0.6724773049354553,-0.9992887377738953,-0.7573226094245911,-1.0872764587402344,-1.238112449645996,-1.3449546098709106,-0.7164711356163025,-1.1406974792480469,-1.2789638042449951,-0.5436382293701172,-0.7950316071510315,-0.9050161838531494,-1.0087159872055054,SCISSORS
0.0,-0.19200091063976288,-0.27123937010765076,-0.26209649443626404,-0.25904884934425354,-0.08533373475074768,-0.09752427041530609,-0.09142900258302689,0.036571603268384933,0.027428701519966125,-0.14933404326438904,-0.17981037497520447,-0.18590565025806427,-0.13714350759983063,-0.036571603268384933,0.024381067603826523,0.030476335436105728,0.16761983931064606,0.15238167345523834,0.14933404326438904,0.15238167345523834,0.0,-0.2041914463043213,-0.49981188774108887,-0.8960042595863342,-0.7192414999008179,-1.091052770614624,-1.2769584655761719,-1.4323877096176147,-0.664384126663208,-0.9996237754821777,-0.7283844351768494,-1.0605764389038086,-1.222101092338562,-1.3440064191818237,-0.7070509791374207,-1.1550531387329102,-1.2952442169189453,-0.5577169060707092,-0.8137181401252747,-0.9356234669685364,-1.0453382730484009,SCISSORS
0.0,-0.25390270352363586,-0.4076419770717621,-0.4635471701622009,-0.4123007357120514,-0.1886800080537796,-0.2469145655632019,-0.2725377678871155,0.030281975865364075,-0.03727012500166893,-0.26322025060653687,-0.33543112874031067,-0.37503060698509216,-0.3866775333881378,-0.09084592759609222,-0.09550469368696213,-0.1164691373705864,0.1933387666940689,0.12345728278160095,0.053575802594423294,0.018635062500834465,0.0,-0.11879851669073105,-0.3587249517440796,-0.7127911448478699,-0.5543931126594543,-1.1204330921173096,-1.1833264827728271,-1.2765017747879028,-0.7384143471717834,-0.9993051886558533,-0.7780138254165649,-1.0878217220306396,-1.1553738117218018,-1.206620216369629,-0.7500612139701843,-1.0249284505844116,-1.111115574836731,-0.5660399794578552,-0.7523906230926514,-0.7896607518196106,-0.8548834919929504,SCISSORS
0.0,-0.2074991911649704,-0.33655357360839844,-0.48332130908966064,-0.40234601497650146,-0.14423725008964539,-0.1872553676366806,-0.23280397057533264,0.04554860293865204,-0.03036573715507984,-0.17207249999046326,-0.2378649264574051,-0.293535441160202,-0.3239011764526367,-0.05314003676176071,-0.08097529411315918,-0.12905438244342804,0.13158485293388367,0.10881055146455765,0.05060955882072449,-0.0025304779410362244,0.0,-0.07085338234901428,-0.2707611620426178,-0.5718880295753479,-0.4453641176223755,-1.0400264263153076,-1.247525691986084,-1.4246591329574585,-0.6781681180000305,-0.9995388388633728,-0.680698573589325,-0.9615816473960876,-1.1488369703292847,-1.313318133354187,-0.7060033679008484,-1.181733250617981,-1.3487447500228882,-0.6174366474151611,-0.8628929853439331,-1.0197826623916626,-1.158958911895752,SCISSORS
0.0,-0.07605599611997604,-0.2321709394454956,-0.5844302773475647,-0.3842829465866089,-0.4483301043510437,-0.6404715776443481,-0.7645629048347473,-0.3202357888221741,-0.48835957050323486,-0.2321709394454956,-0.4683448374271393,-0.6364685893058777,-0.6404715776443481,-0.24017684161663055,-0.6764980554580688,-0.7805747389793396,-0.35626229643821716,-0.5524067282676697,-0.6885069012641907,-0.7925835251808167,0.0,-0.39228883385658264,-0.8606336712837219,-1.4690816402435303,-1.2409136295318604,-1.1528488397598267,-1.4170433282852173,-1.5931730270385742,-0.6164538860321045,-0.8726425170898438,-0.9807220697402954,-1.2769402265548706,-1.4450639486312866,-1.557146430015564,-0.7685658931732178,-1.024754524230957,-1.192878246307373,-0.2802062928676605,-0.4643418788909912,-0.5964391231536865,-0.7245334386825562,SCISSORS
0.0,-0.22430303692817688,-0.43501195311546326,-0.7442782521247864,-0.6117355823516846,-0.38063547015190125,-0.4961855113506317,-0.5777502655982971,-0.1461368352174759,-0.28547659516334534,-0.3058677911758423,-0.4689972698688507,-0.5845473408699036,-0.5369678735733032,-0.21070891618728638,-0.40782371163368225,-0.48938846588134766,-0.07816620916128159,-0.1869191974401474,-0.27188247442245483,-0.34325161576271057,0.0,-0.16992655396461487,-0.44860607385635376,-0.8394371271133423,-0.6389238238334656,-1.067138671875,-1.3186299800872803,-1.5429331064224243,-0.6491194367408752,-0.958385705947876,-0.7578724026679993,-1.0705372095108032,-1.2778476476669312,-1.45457124710083,-0.7340826988220215,-1.1928843259811401,-1.3866006135940552,-0.5233737826347351,-0.7646694779396057,-0.9413930773735046,-1.097725510597229,SCISSORS
0.0,-0.2315460592508316,-0.3953225314617157,-0.5929837822914124,-0.5054481029510498,-0.28237324953079224,-0.34449535608291626,-0.4009700119495392,-0.025413591414690018,-0.1524815559387207,-0.2682545781135559,-0.37555640935897827,-0.4461497366428375,-0.4461497366428375,-0.14965781569480896,-0.21460366249084473,-0.27107831835746765,0.04800345003604889,0.005647464655339718,-0.04517971724271774,-0.09318316727876663,0.0,-0.0847119688987732,-0.2851969599723816,-0.5703939199447632,-0.4376785159111023,-1.0165436267852783,-1.253737211227417,-1.4429272413253784,-0.6381635069847107,-0.9883063435554504,-0.6494584679603577,-0.9515978097915649,-1.1633777618408203,-1.346920371055603,-0.6889907121658325,-1.211381196975708,-1.389276385307312,-0.60145503282547,-0.8697096109390259,-1.0504285097122192,-1.1972625255584717,SCISSORS
0.0,-0.22292470932006836,-0.3809472918510437,-0.5756536722183228,-0.4797114133834839,-0.24267753958702087,-0.3273324966430664,-0.4007001221179962,0.019752822816371918,-0.11569510400295258,-0.23421204090118408,-0.34144166111946106,-0.4430275857448578,-0.474067747592926,-0.11287327110767365,-0.2003500610589981,-0.2737177014350891,0.08465495705604553,0.05079297348856926,-0.02539648674428463,-0.09312044829130173,0.0,-0.0818331241607666,-0.29347050189971924,-0.6179811954498291,-0.46842408180236816,-1.044077754020691,-1.2811115980148315,-1.481461763381958,-0.649021327495575,-0.9932848215103149,-0.6659523248672485,-0.97353196144104,-1.1795257329940796,-1.3629447221755981,-0.6941706538200378,-1.2133877277374268,-1.3968067169189453,-0.5925846695899963,-0.857836902141571,-1.0327904224395752,-1.1851693391799927,SCISSORS
0.0,-0.22803720831871033,-0.3925703763961792,-0.606174886226654,-0.5080322623252869,-0.2511295974254608,-0.35504525899887085,-0.43586859107017517,0.020205829292535782,-0.11834842711687088,-0.25978922843933105,-0.3637049198150635,-0.48205333948135376,-0.5224649906158447,-0.13278116285800934,-0.21360448002815247,-0.303087443113327,0.08659640699625015,0.06927713006734848,-0.014432734809815884,-0.08659640699625015,0.0,-0.06639058142900467,-0.2742219567298889,-0.6263806819915771,-0.4733937084674835,-1.0362703800201416,-1.2787402868270874,-1.4894582033157349,-0.6552461385726929,-0.9929721355438232,-0.6321537494659424,-0.9554470181465149,-1.1777111291885376,-1.3451309204101562,-0.6725654602050781,-1.2267824411392212,-1.4201810359954834,-0.5917420983314514,-0.8630775213241577,-1.059362769126892,-1.2238959074020386,SCISSORS
0.0,-0.23485246300697327,-0.41594353318214417,-0.6451368927955627,-0.5432731509208679,-0.280125230550766,-0.37915942072868347,-0.45838674902915955,-0.005659095477312803,-0.13864783942699432,-0.30276161432266235,-0.4046253263950348,-0.5149776935577393,-0.5517618060112,-0.16977286338806152,-0.2376820147037506,-0.31973889470100403,0.07356823980808258,0.05376140773296356,-0.022636381909251213,-0.0933750793337822,0.0,-0.04810231178998947,-0.24051156640052795,-0.577227771282196,-0.4300912618637085,-1.0271258354187012,-1.2648078203201294,-1.4741944074630737,-0.6592846512794495,-0.9903417229652405,-0.6168414354324341,-0.9365803003311157,-1.1572850942611694,-1.3213988542556763,-0.6677733063697815,-1.2223646640777588,-1.4119443893432617,-0.5970345735549927,-0.868671178817749,-1.058250904083252,-1.2195351123809814,SCISSORS
0.0,-0.23436707258224487,-0.40531718730926514,-0.6093543767929077,-0.5156075954437256,-0.2591824233531952,-0.3446574807167053,-0.4108316898345947,-0.0027572596445679665,-0.12131942808628082,-0.2922695279121399,-0.3805018365383148,-0.4742486774921417,-0.5045785307884216,-0.1626783311367035,-0.20679448544979095,-0.27848324179649353,0.08547504991292953,0.06065971404314041,-0.005514519289135933,-0.06893149018287659,0.0,-0.05238793417811394,-0.24815337359905243,-0.5790245532989502,-0.43564704060554504,-1.0201860666275024,-1.246281385421753,-1.4475613832473755,-0.6672568321228027,-0.9926134943962097,-0.6231406927108765,-0.9347110390663147,-1.1442627906799316,-1.301426649093628,-0.6727713942527771,-1.2104370594024658,-1.3896589279174805,-0.6093543767929077,-0.8768085837364197,-1.0587877035140991,-1.2104370594024658,SCISSORS
0.0,-0.24096493422985077,-0.41231778264045715,-0.6131219267845154,-0.514058530330658,-0.2891579270362854,-0.37751173973083496,-0.4605107605457306,0.0,-0.1365468055009842,-0.2891579270362854,-0.4069630205631256,-0.5087037682533264,-0.5515419840812683,-0.14725634455680847,-0.21686844527721405,-0.29451268911361694,0.08835381269454956,0.06693470478057861,-0.013386940583586693,-0.08032164722681046,0.0,-0.05622515082359314,-0.257029265165329,-0.6050897240638733,-0.45515599846839905,-1.0334718227386475,-1.269081950187683,-1.4591765403747559,-0.6532827019691467,-0.9906336069107056,-0.6425731778144836,-0.9585049748420715,-1.1619864702224731,-1.317275047302246,-0.680056631565094,-1.2075021266937256,-1.3815323114395142,-0.5836706161499023,-0.8647964000701904,-1.0415040254592896,-1.1914377212524414,SCISSORS
0.0,-0.23615510761737823,-0.4017351269721985,-0.6080315113067627,-0.5103121995925903,-0.25787052512168884,-0.35016101598739624,-0.42887938022613525,0.0,-0.1140059158205986,-0.2768715023994446,-0.3800196945667267,-0.4777390658855438,-0.5157410502433777,-0.14386460185050964,-0.20358198881149292,-0.28230035305023193,0.09771935641765594,0.08143279701471329,0.002714426489546895,-0.062431808561086655,0.0,-0.05157410353422165,-0.2524416744709015,-0.597173810005188,-0.447880357503891,-1.0314821004867554,-1.256779432296753,-1.4603614807128906,-0.6596056222915649,-0.9934800863265991,-0.6188892126083374,-0.9473348259925842,-1.1644889116287231,-1.3219256401062012,-0.6650344729423523,-1.213348627090454,-1.400644063949585,-0.5917449593544006,-0.8604732155799866,-1.050482988357544,-1.2106342315673828,SCISSORS
0.0,-0.2365933358669281,-0.39252984523773193,-0.5780405402183533,-0.4866294860839844,-0.24465902149677277,-0.3333815336227417,-0.4059726595878601,0.008065681904554367,-0.10216530412435532,-0.2742331922054291,-0.3710213601589203,-0.4624324440956116,-0.497383713722229,-0.13711659610271454,-0.1881992518901825,-0.2607903778553009,0.11023098975419998,0.08872250467538834,0.013442803174257278,-0.0483940914273262,0.0,-0.059148333966732025,-0.26347893476486206,-0.6210575103759766,-0.46512100100517273,-1.032407283782959,-1.2528692483901978,-1.4571999311447144,-0.6640744805335999,-0.994767427444458,-0.6237460970878601,-0.9544390439987183,-1.1668353080749512,-1.3200832605361938,-0.6694515943527222,-1.212540864944458,-1.3953629732131958,-0.5941718816757202,-0.8657165169715881,-1.0512272119522095,-1.2098523378372192,SCISSORS
0.0,-0.2377191036939621,-0.40166333317756653,-0.6093260049819946,-0.5109594464302063,-0.2486487179994583,-0.34155043959617615,-0.41805773973464966,0.0,-0.10383133590221405,-0.28143757581710815,-0.37707167863845825,-0.4699734151363373,-0.5000298619270325,-0.1475497931241989,-0.19400064647197723,-0.27050796151161194,0.10383133590221405,0.08743691444396973,0.010929614305496216,-0.05464807152748108,0.0,-0.05738047510385513,-0.2568459212779999,-0.6038612127304077,-0.4508465826511383,-1.0301162004470825,-1.2623704671859741,-1.472765564918518,-0.6585092544555664,-0.9945948719978333,-0.617523193359375,-0.9536088705062866,-1.172201156616211,-1.3252156972885132,-0.6667064428329468,-1.2241168022155762,-1.412652611732483,-0.5929315686225891,-0.8689043521881104,-1.0601725578308105,-1.2241168022155762,SCISSORS
0.0,-0.260521799325943,-0.41578227281570435,-0.5394643545150757,-0.42630839347839355,-0.2947317361831665,-0.41051918268203735,-0.46051833033561707,0.01315766666084528,-0.10262979567050934,-0.38157233595848083,-0.4999913275241852,-0.5736742615699768,-0.5657796859741211,-0.18420733511447906,-0.19473347067832947,-0.23157493770122528,0.16841812431812286,0.09999826550483704,0.04999913275241852,0.02894686721265316,0.0,-0.13947126269340515,-0.43683451414108276,-0.944720447063446,-0.6841986775398254,-1.1394538879394531,-1.3131351470947266,-1.5078685283660889,-0.7078824639320374,-0.9947195649147034,-0.8499852418899536,-1.149980068206787,-1.305240511894226,-1.4052387475967407,-0.8052492141723633,-1.1368223428726196,-1.3183982372283936,-0.5578850507736206,-0.7236716747283936,-0.8473536968231201,-0.9894565343856812,SCISSORS
0.0,-0.2669948935508728,-0.4281993806362152,-0.5012451410293579,-0.4206429123878479,-0.20906205475330353,-0.27707019448280334,-0.3072960078716278,0.05793285742402077,-0.007556459400802851,-0.3526347875595093,-0.4332370162010193,-0.4861322343349457,-0.5062828063964844,-0.14357273280620575,-0.06800813972949982,-0.09067751467227936,0.24432551860809326,0.2065432220697403,0.15616683661937714,0.13601627945899963,0.0,-0.1737985759973526,-0.4861322343349457,-0.9722644686698914,-0.7380142211914062,-1.1687324047088623,-1.1737700700759888,-1.2518534660339355,-0.7380142211914062,-0.9999715089797974,-0.8639551997184753,-1.1762888431549072,-1.2140711545944214,-1.2594099044799805,-0.8085411787033081,-0.9798209071159363,-1.0528666973114014,-0.574290931224823,-0.7103071808815002,-0.7254201173782349,-0.7833529710769653,SCISSORS
0.0,-0.2623614966869354,-0.4222770631313324,-0.48724275827407837,-0.40478628873825073,-0.23487599194049835,-0.30483904480934143,-0.33482322096824646,0.03997889161109924,-0.032482851296663284,-0.37730079889297485,-0.45725858211517334,-0.509730875492096,-0.5372163653373718,-0.16991029679775238,-0.094949871301651,-0.11493931710720062,0.222382590174675,0.18240369856357574,0.1324300765991211,0.11244063824415207,0.0,-0.14492349326610565,-0.42977309226989746,-0.8795356750488281,-0.6646490693092346,-1.1568892002105713,-1.1893720626831055,-1.2768259048461914,-0.729614794254303,-0.9994723200798035,-0.8270633220672607,-1.1443958282470703,-1.2043641805648804,-1.2543377876281738,-0.7820870876312256,-0.9994723200798035,-1.0844274759292603,-0.5647018551826477,-0.7146227359771729,-0.7446068525314331,-0.8120712637901306,SCISSORS
0.0,-0.2586331367492676,-0.4071076810359955,-0.4909239709377289,-0.40950244665145874,-0.2322908639907837,-0.3232913911342621,-0.36400216817855835,0.028737014159560204,-0.05268452316522598,-0.3352651596069336,-0.42147618532180786,-0.4837397336959839,-0.5052924752235413,-0.15086932480335236,-0.1293165683746338,-0.1604483276605606,0.18918533623218536,0.13650082051753998,0.0838162899017334,0.055079277604818344,0.0,-0.08621104061603546,-0.31131765246391296,-0.6920830607414246,-0.5005030035972595,-1.1111645698547363,-1.2332968711853027,-1.369797706604004,-0.6801093220710754,-0.9986112117767334,-0.7423728704452515,-1.0417166948318481,-1.1686385869979858,-1.2907708883285522,-0.7184253334999084,-1.068058967590332,-1.202165126800537,-0.5555822849273682,-0.7327938675880432,-0.8237943649291992,-0.9339529275894165,SCISSORS
0.0,-0.2632129192352295,-0.41716766357421875,-0.5140101313591003,-0.42461708188056946,-0.2383815199136734,-0.32280829548835754,-0.3650217056274414,0.029797689989209175,-0.05959537997841835,-0.3277745842933655,-0.4221339225769043,-0.4842124581336975,-0.5090438723564148,-0.14650531113147736,-0.1340896040201187,-0.16388729214668274,0.18871870636940002,0.126640185713768,0.06952793896198273,0.0397302508354187,0.0,-0.09684249013662338,-0.32280829548835754,-0.7002456784248352,-0.5040775537490845,-1.1273459196090698,-1.2490198612213135,-1.3806263208389282,-0.6754142642021179,-0.9982225894927979,-0.7697736620903015,-1.0751999616622925,-1.1968739032745361,-1.3185477256774902,-0.7325265407562256,-1.0603010654449463,-1.191907525062561,-0.5388415455818176,-0.7076951265335083,-0.7921218872070312,-0.8988969326019287,SCISSORS
0.0,-0.2568345367908478,-0.4170382618904114,-0.5670703053474426,-0.47043949365615845,-0.20343329012393951,-0.3000641167163849,-0.35346534848213196,0.038143742829561234,-0.035600826144218445,-0.26446327567100525,-0.35600826144218445,-0.4322957396507263,-0.45263907313346863,-0.09408789873123169,-0.12460289150476456,-0.1627466380596161,0.19326162338256836,0.13477455079555511,0.06102998927235603,0.017800413072109222,0.0,-0.10680247843265533,-0.33312201499938965,-0.6891303062438965,-0.49078282713890076,-1.131597638130188,-1.2663722038269043,-1.4087755680084229,-0.6560723781585693,-0.999366044998169,-0.7883040308952332,-1.0858252048492432,-1.2155139446258545,-1.3630030155181885,-0.7476173639297485,-1.0756535530090332,-1.2129709720611572,-0.541641116142273,-0.7094736099243164,-0.8010185956954956,-0.9129068851470947,SCISSORS
0.0,-0.24546906352043152,-0.3994888663291931,-0.5535086989402771,-0.4596528708934784,-0.20215100049972534,-0.2887871265411377,-0.3417314291000366,0.033691830933094025,-0.050537750124931335,-0.2502821981906891,-0.33691832423210144,-0.41152167320251465,-0.4428069293498993,-0.0962623804807663,-0.12995420396327972,-0.1732722818851471,0.16364604234695435,0.1155148521065712,0.04572463035583496,0.0,0.0,-0.07460334151983261,-0.27675434947013855,-0.606453001499176,-0.43318068981170654,-1.097391128540039,-1.2610371112823486,-1.4150569438934326,-0.6425513625144958,-0.9987221956253052,-0.7195612788200378,-1.0227878093719482,-1.1768075227737427,-1.3404536247253418,-0.7051219344139099,-1.104610800743103,-1.2562240362167358,-0.5462890267372131,-0.7436268925666809,-0.8591417074203491,-0.9842827916145325,SCISSORS
0.0,-0.23828168213367462,-0.3932804465293884,-0.5529060363769531,-0.4603694677352905,-0.21746096014976501,-0.29149022698402405,-0.3400719165802002,0.0115670720115304,-0.07634267956018448,-0.2521621584892273,-0.3400719165802002,-0.4071609377861023,-0.43492192029953003,-0.1133573055267334,-0.14805851876735687,-0.18969997763633728,0.12955120205879211,0.08096950501203537,0.01850731484591961,-0.0231341440230608,0.0,-0.05320852994918823,-0.2429085075855255,-0.5529060363769531,-0.4025340974330902,-1.0711108446121216,-1.237676739692688,-1.392675518989563,-0.6523828506469727,-0.9970816373825073,-0.6847706437110901,-0.9808877110481262,-1.1428266763687134,-1.3070791959762573,-0.6847706437110901,-1.1127523183822632,-1.2654377222061157,-0.566786527633667,-0.772680401802063,-0.8976048231124878,-1.024842619895935,SCISSORS
0.0,-0.20865914225578308,-0.3651534914970398,-0.5904105305671692,-0.4931943416595459,-0.22051477432250977,-0.2963908314704895,-0.3651534914970398,-0.002371126553043723,-0.11381407827138901,-0.20391689240932465,-0.30587533116340637,-0.391235888004303,-0.419689416885376,-0.10432957112789154,-0.1991746425628662,-0.26082393527030945,0.06402041763067245,0.02371126599609852,-0.04505140706896782,-0.10195844620466232,0.0,-0.03082464635372162,-0.1991746425628662,-0.47422531247138977,-0.3532978594303131,-1.0266978740692139,-1.242470383644104,-1.4297893047332764,-0.6473175883293152,-0.9935020804405212,-0.6402041912078857,-0.9389661550521851,-1.142883062362671,-1.3325731754302979,-0.6710288524627686,-1.1784498691558838,-1.3539133071899414,-0.592781662940979,-0.8322654366493225,-0.9982442855834961,-1.145254135131836,SCISSORS
0.0,-0.19848915934562683,-0.33991268277168274,-0.5557696223258972,-0.4664495289325714,-0.16871578991413116,-0.2307436466217041,-0.287809282541275,0.019848916679620743,-0.07195232063531876,-0.17367801070213318,-0.25555479526519775,-0.3200637698173523,-0.33991268277168274,-0.08187677711248398,-0.14886687695980072,-0.20345139503479004,0.08187677711248398,0.05458451807498932,0.0,-0.05210340395569801,0.0,-0.039697833359241486,-0.20345139503479004,-0.4590061902999878,-0.34487491846084595,-1.0147758722305298,-1.2504817247390747,-1.4464898109436035,-0.6599764823913574,-0.9974080324172974,-0.6475709080696106,-0.9428235292434692,-1.1537182331085205,-1.3373206853866577,-0.6922309398651123,-1.2157461643218994,-1.3968675136566162,-0.6252408623695374,-0.8783145546913147,-1.0569547414779663,-1.210783839225769,SCISSORS
0.0,-0.20164614915847778,-0.32900160551071167,-0.5173815488815308,-0.42982468008995056,-0.1698072850704193,-0.2228720486164093,-0.2759368419647217,0.029185626655817032,-0.06898421049118042,-0.16450080275535583,-0.24675120413303375,-0.3051224648952484,-0.315735399723053,-0.07163744419813156,-0.1353151798248291,-0.18572671711444855,0.07959716022014618,0.04510505869984627,-0.0053064776584506035,-0.053064774721860886,0.0,-0.06633096933364868,-0.2494044452905655,-0.5067685842514038,-0.3926793336868286,-1.0135371685028076,-1.262941598892212,-1.459281325340271,-0.6580032110214233,-0.997617781162262,-0.6633096933364868,-0.9525126814842224,-1.1700782775878906,-1.3664180040359497,-0.6978017687797546,-1.2231431007385254,-1.408869743347168,-0.6155514121055603,-0.8729155659675598,-1.0559890270233154,-1.207223653793335,SCISSORS
0.0,-0.132929727435112,-0.4116533696651459,-0.8061544895172119,-0.6689367294311523,-0.883339524269104,-0.9305081367492676,-0.9176439642906189,-0.5145667195320129,-0.8747633695602417,-0.441669762134552,-0.8790514469146729,-0.9648125767707825,-0.8061544895172119,-0.4288055896759033,-0.9176439642906189,-0.9176439642906189,-0.5274308919906616,-0.8490350842475891,-0.8704753518104553,-0.8576111793518066,0.0,-0.48026224970817566,-1.050573706626892,-1.8181357383728027,-1.5136836767196655,-0.8061544895172119,-0.8533231019973755,-0.934796154499054,-0.3987891972064972,-0.4845502972602844,-0.8962036967277527,-1.0591497421264648,-1.0891661643981934,-1.1491990089416504,-0.6217681169509888,-0.5188547372817993,-0.5960397720336914,-0.06860889494419098,-0.14579389989376068,-0.21440279483795166,-0.2787236273288727,SCISSORS
0.0,-0.16789273917675018,-0.3707631230354309,-0.6785664558410645,-0.545651376247406,-0.5491491556167603,-0.6820642352104187,-0.755517303943634,-0.2938123047351837,-0.5211670398712158,-0.32878994941711426,-0.5876246094703674,-0.7170419096946716,-0.6540821194648743,-0.2798212170600891,-0.6435888409614563,-0.7135441303253174,-0.2868167757987976,-0.4861893951892853,-0.5771312713623047,-0.640091061592102,0.0,-0.2938123047351837,-0.6785664558410645,-1.2067290544509888,-0.9618854522705078,-1.0458317995071411,-1.2487022876739502,-1.4305860996246338,-0.5526469349861145,-0.8534547686576843,-0.8184770941734314,-1.126280426979065,-1.2976709604263306,-1.4515726566314697,-0.6925575733184814,-1.0248452425003052,-1.1927379369735718,-0.3567720651626587,-0.5631402134895325,-0.7100463509559631,-0.8464592099189758,SCISSORS
0.0,-0.23724135756492615,-0.4117637276649475,-0.6517320275306702,-0.5481093525886536,-0.3599524199962616,-0.45812124013900757,-0.5426555275917053,-0.07089971750974655,-0.23996827006340027,-0.2972334325313568,-0.4526674151420593,-0.55901700258255,-0.5508362650871277,-0.18543002009391785,-0.3354102075099945,-0.41449064016342163,-0.016361473128199577,-0.08726119250059128,-0.16088782250881195,-0.22360679507255554,0.0,-0.07362663000822067,-0.27814504504203796,-0.5890130400657654,-0.4472135901451111,-1.0089575052261353,-1.2680141925811768,-1.467078685760498,-0.6108283400535583,-0.9707807302474976,-0.6353705525398254,-0.9489654302597046,-1.1725722551345825,-1.3716368675231934,-0.6599127650260925,-1.208022117614746,-1.3934521675109863,-0.5562900900840759,-0.8289812803268433,-1.0198651552200317,-1.1752991676330566,SCISSORS
0.0,-0.2183646708726883,-0.41087034344673157,-0.7039387226104736,-0.5861367583274841,-0.35053274035453796,-0.46833473443984985,-0.5803902745246887,-0.0402250699698925,-0.2384772002696991,-0.27295583486557007,-0.4223632216453552,-0.5746438503265381,-0.617742121219635,-0.1781395971775055,-0.356279194355011,-0.46833473443984985,-0.028732193633913994,-0.0603376068174839,-0.16090027987957,-0.2557165026664734,0.0,-0.05746438726782799,-0.2557165026664734,-0.5775170922279358,-0.4424757659435272,-1.0113731622695923,-1.2757093906402588,-1.4969472885131836,-0.6206153631210327,-0.9711481332778931,-0.6005028486251831,-0.9251766204833984,-1.1665270328521729,-1.3532862663269043,-0.64360111951828,-1.2211182117462158,-1.425116777420044,-0.5631510019302368,-0.8389800190925598,-1.0458518266677856,-1.218245029449463,SCISSORS
0.0,-0.22506535053253174,-0.4094562530517578,-0.6697728037834167,-0.5558843016624451,-0.3389538526535034,-0.4528423547744751,-0.5585959553718567,-0.021693047136068344,-0.21693046391010284,-0.2765863537788391,-0.42301440238952637,-0.5667308568954468,-0.620963454246521,-0.1681211143732071,-0.33081895112991333,-0.43928417563438416,0.008134892210364342,-0.027116307988762856,-0.12744665145874023,-0.21693046391010284,0.0,-0.03796283155679703,-0.22506535053253174,-0.5450378060340881,-0.4094562530517578,-1.011438250541687,-1.2554850578308105,-1.4669922590255737,-0.6345216035842896,-0.9761871099472046,-0.601982057094574,-0.9138195514678955,-1.1415965557098389,-1.3205641508102417,-0.6453680992126465,-1.2012524604797363,-1.3964898586273193,-0.5748656988143921,-0.8433171510696411,-1.0385545492172241,-1.2012524604797363,SCISSORS
0.0,-0.23541532456874847,-0.4173271656036377,-0.6554176807403564,-0.5457355380058289,-0.3397471308708191,-0.4494292736053467,-0.5430603623390198,-0.02140139415860176,-0.20331323146820068,-0.3076450228691101,-0.4440789222717285,-0.5724872946739197,-0.6206403970718384,-0.1845870167016983,-0.3103201985359192,-0.40662646293640137,0.034777265042066574,-0.00267517426982522,-0.09095592051744461,-0.1712111532688141,0.0,-0.03745243698358536,-0.2300649732351303,-0.5617865920066833,-0.42267751693725586,-1.0085406303405762,-1.2412807941436768,-1.4445940256118774,-0.642041802406311,-0.979113757610321,-0.5965638160705566,-0.9068840742111206,-1.1262483596801758,-1.3001346588134766,-0.6447169780731201,-1.1931276321411133,-1.380389928817749,-0.5885383486747742,-0.856055736541748,-1.0433179140090942,-1.2011531591415405,SCISSORS
0.0,-0.23656326532363892,-0.41655704379081726,-0.6479776501655579,-0.5374100208282471,-0.3368455171585083,-0.43969911336898804,-0.5271246433258057,-0.033427417278289795,-0.20056450366973877,-0.32398882508277893,-0.4525558054447174,-0.5656947493553162,-0.6094075441360474,-0.20313584804534912,-0.30598944425582886,-0.39341500401496887,0.03085607849061489,-0.005142679437994957,-0.08742555230855942,-0.1594230681657791,0.0,-0.0385700985789299,-0.2314205765724182,-0.5836941599845886,-0.4371277689933777,-1.0053938627243042,-1.2393858432769775,-1.4476642608642578,-0.6479776501655579,-0.9796804785728455,-0.5888367891311646,-0.9076829552650452,-1.128818154335022,-1.3010979890823364,-0.6402636170387268,-1.198244333267212,-1.3885234594345093,-0.5888367891311646,-0.8588274717330933,-1.0465352535247803,-1.205958366394043,SCISSORS
0.0,-0.24688202142715454,-0.43391385674476624,-0.6708208322525024,-0.5511204600334167,-0.36408862471580505,-0.47630774974823,-0.5660830140113831,-0.04738139733672142,-0.22194445133209229,-0.3541136085987091,-0.4912702739238739,-0.6059831380844116,-0.648377001285553,-0.22942571341991425,-0.3341635465621948,-0.4189513027667999,0.017456304281949997,-0.029925093054771423,-0.11221910268068314,-0.1845380812883377,0.0,-0.024937577545642853,-0.21695692837238312,-0.5785518288612366,-0.4239388406276703,-1.0099718570709229,-1.2369039058685303,-1.4438858032226562,-0.6433895230293274,-0.9750593304634094,-0.5885268449783325,-0.907727837562561,-1.1271785497665405,-1.301741600036621,-0.6309207081794739,-1.177053689956665,-1.366579294204712,-0.5735642910003662,-0.8254338502883911,-1.00747811794281,-1.169572353363037,SCISSORS
0.0,-0.25854891538619995,-0.4450024664402008,-0.6712327599525452,-0.5519024729728699,-0.34556058049201965,-0.4624047875404358,-0.5494164228439331,-0.029832568019628525,-0.18893958628177643,-0.35550475120544434,-0.4872652590274811,-0.5991373658180237,-0.6438862681388855,-0.2138000726699829,-0.3008117079734802,-0.3828512728214264,0.052206993103027344,0.009944189339876175,-0.07706746459007263,-0.1441907435655594,0.0,-0.04723489657044411,-0.2635210156440735,-0.6662606596946716,-0.4947234094142914,-1.0292235612869263,-1.2504817247390747,-1.4617958068847656,-0.6538304090499878,-0.9819886684417725,-0.606595516204834,-0.9297816753387451,-1.1485538482666016,-1.3200911283493042,-0.6414002180099487,-1.1783864498138428,-1.3722981214523315,-0.5693048238754272,-0.8179095387458801,-1.0018770694732666,-1.1659561395645142,SCISSORS
0.0,-0.21297305822372437,-0.33324021100997925,-0.46102404594421387,-0.4008904695510864,-0.20796193182468414,-0.28312888741493225,-0.33324021100997925,0.005011131055653095,-0.10272818058729172,-0.20545636117458344,-0.28814002871513367,-0.36080142855644226,-0.3708236813545227,-0.09020035713911057,-0.1703784465789795,-0.22550088167190552,0.08017809689044952,0.0250556543469429,-0.04259461164474487,-0.09521148353815079,0.0,-0.11275044083595276,-0.3658125400543213,-0.7341306805610657,-0.5787855982780457,-1.0247762203216553,-1.2502771615982056,-1.4407001733779907,-0.6739971041679382,-0.9947094917297363,-0.6765026450157166,-0.9646427035331726,-1.1625823974609375,-1.3304551839828491,-0.6990527510643005,-1.207682490348816,-1.3830721378326416,-0.6113579869270325,-0.8819590210914612,-1.067370891571045,-1.2151992321014404,SCISSORS
0.0,-0.21505622565746307,-0.33942610025405884,-0.5000705122947693,-0.42752140760421753,-0.17100855708122253,-0.24873973429203033,-0.31351569294929504,0.028501426801085472,-0.06995804607868195,-0.1658264845609665,-0.24873973429203033,-0.331652969121933,-0.360154390335083,-0.054411813616752625,-0.14509817957878113,-0.21246518194675446,0.1036415547132492,0.0647759735584259,-0.02072831057012081,-0.09327739477157593,0.0,-0.09845947474241257,-0.3342440128326416,-0.7021715044975281,-0.5493002533912659,-1.0286424160003662,-1.251471757888794,-1.445799708366394,-0.6736701130867004,-0.9975499510765076,-0.6503507494926453,-0.9586843848228455,-1.1659674644470215,-1.3214298486709595,-0.6762611269950867,-1.2074240446090698,-1.3913878202438354,-0.5959389209747314,-0.873180091381073,-1.05973482131958,-1.215197205543518,SCISSORS
0.0,-0.21542003750801086,-0.3385171890258789,-0.4975177049636841,-0.42827552556991577,-0.16669407486915588,-0.24619431793689728,-0.31030741333961487,0.028209766373038292,-0.06924214959144592,-0.16156502068042755,-0.24106527864933014,-0.32569456100463867,-0.3564688563346863,-0.05129048228263855,-0.14617787301540375,-0.2128555029630661,0.1025809645652771,0.05898405611515045,-0.025645241141319275,-0.10001644492149353,0.0,-0.1025809645652771,-0.3385171890258789,-0.7129377126693726,-0.5590662956237793,-1.030938744544983,-1.2514878511428833,-1.4515206813812256,-0.6770343780517578,-0.9975998997688293,-0.6539536714553833,-0.9616965651512146,-1.16942298412323,-1.3258589506149292,-0.6770343780517578,-1.2078908681869507,-1.3925366401672363,-0.594969630241394,-0.8719382286071777,-1.0591484308242798,-1.2130199670791626,SCISSORS
0.0,-0.21096986532211304,-0.33189162611961365,-0.4914054274559021,-0.4219397306442261,-0.15436819195747375,-0.22897949814796448,-0.29072678089141846,0.03344644233584404,-0.05917447805404663,-0.1466497927904129,-0.22126108407974243,-0.3035908043384552,-0.334464430809021,-0.04116485267877579,-0.13378576934337616,-0.20067866146564484,0.10291213542222977,0.06174727901816368,-0.02572803385555744,-0.09776652604341507,0.0,-0.10805773735046387,-0.3499012589454651,-0.7306761145591736,-0.5737351179122925,-1.0316941738128662,-1.2581008672714233,-1.4587794542312622,-0.6766472458839417,-0.9982476830482483,-0.6586376428604126,-0.9673740267753601,-1.1731983423233032,-1.3301392793655396,-0.6792200803756714,-1.2092175483703613,-1.3944593667984009,-0.5917447805404663,-0.8670347332954407,-1.05484938621521,-1.2117903232574463,SCISSORS
0.0,-0.20856530964374542,-0.36349955201148987,-0.6316549181938171,-0.5333312749862671,-0.20856530964374542,-0.2979504466056824,-0.38137656450271606,0.020856531336903572,-0.09832364320755005,-0.1787702739238739,-0.2890119254589081,-0.3962740898132324,-0.42011013627052307,-0.0744876116514206,-0.19068828225135803,-0.2741144001483917,0.06852860003709793,0.04767207056283951,-0.026815539225935936,-0.10130315274000168,0.0,-0.07746711373329163,-0.26815539598464966,-0.5482288002967834,-0.42011013627052307,-1.0368674993515015,-1.2960844039916992,-1.5046497583389282,-0.6286754608154297,-0.9951545000076294,-0.652511477470398,-0.9713184237480164,-1.2007403373718262,-1.394408106803894,-0.6823065280914307,-1.2335147857666016,-1.4301621913909912,-0.5750443339347839,-0.849158763885498,-1.042826533317566,-1.2037198543548584,SCISSORS
0.0,-0.1351449191570282,-0.3808629810810089,-0.6962011456489563,-0.5774374008178711,-0.7371541261672974,-0.7412494421005249,-0.6839151978492737,-0.33990997076034546,-0.7371541261672974,-0.2866710424423218,-0.7125823497772217,-0.7494400143623352,-0.6470575332641602,-0.26619455218315125,-0.7535353302955627,-0.7084870338439941,-0.360386461019516,-0.7166776061058044,-0.7371541261672974,-0.7084870338439941,0.0,-0.46686428785324097,-1.015634536743164,-1.7527886629104614,-1.4743082523345947,-0.9910627603530884,-1.0361111164093018,-1.077064037322998,-0.5241984724998474,-0.6757246255874634,-1.0606828927993774,-1.208113670349121,-1.1917325258255005,-1.249066710472107,-0.7862977385520935,-0.6634387373924255,-0.7084870338439941,-0.21295563876628876,-0.3153381645679474,-0.3440052568912506,-0.37676766514778137,SCISSORS
0.0,-0.23747050762176514,-0.3464019298553467,-0.335508793592453,-0.3006507456302643,-0.16339713335037231,-0.22222010791301727,-0.24182777106761932,0.03703668341040611,-0.004357256926596165,-0.27014994621276855,-0.335508793592453,-0.3703668415546417,-0.335508793592453,-0.11111005395650864,-0.05446571484208107,-0.06753748655319214,0.18736205995082855,0.14161086082458496,0.10893142968416214,0.09585965424776077,0.0,-0.15468262135982513,-0.43354707956314087,-0.8583796620368958,-0.6666603088378906,-1.1045646667480469,-1.2614259719848633,-1.4248230457305908,-0.6753748655319214,-0.9999904632568359,-0.70805424451828,-1.056634783744812,-1.2265678644180298,-1.339856505393982,-0.6753748655319214,-1.1154577732086182,-1.267961859703064,-0.5315853357315063,-0.7516268491744995,-0.8758086562156677,-1.002169132232666,SCISSORS
0.0,-0.23252084851264954,-0.3353666067123413,-0.3085372745990753,-0.2705290615558624,-0.04695132374763489,-0.08943109214305878,-0.10731731355190277,0.10508153587579727,0.12073197960853577,-0.23699240386486053,-0.26605749130249023,-0.2884152829647064,-0.2772364020347595,-0.051422879099845886,0.07378065586090088,0.06707332283258438,0.2682932913303375,0.25711438059806824,0.21687039732933044,0.20569151639938354,0.0,-0.20569151639938354,-0.5298792123794556,-1.0128071308135986,-0.7937009334564209,-1.1737830638885498,-1.2497994899749756,-1.3727673292160034,-0.7288634181022644,-0.9926851391792297,-0.8540669679641724,-1.1939051151275635,-1.2967509031295776,-1.3772388696670532,-0.773578941822052,-1.026221752166748,-1.1402463912963867,-0.5142287611961365,-0.6640259027481079,-0.7176845073699951,-0.8071156144142151,SCISSORS
0.0,-0.18989013135433197,-0.2668076455593109,-0.2812296748161316,-0.22594520449638367,-0.11537627875804901,-0.17066074907779694,-0.1754680871963501,0.019229380413889885,0.012018362060189247,-0.19229379296302795,-0.23075255751609802,-0.23075255751609802,-0.22834888100624084,-0.055284466594457626,-0.014422034844756126,-0.004807345103472471,0.16104605793952942,0.11056893318891525,0.09614689648151398,0.1057615876197815,0.0,-0.2331562340259552,-0.5937070846557617,-1.1297260522842407,-0.8893588185310364,-1.1802031993865967,-1.3724969625473022,-1.5816165208816528,-0.8076339364051819,-0.9999277591705322,-0.9542579650878906,-1.2715427875518799,-1.4373961687088013,-1.4638365507125854,-0.8484963774681091,-1.1465517282485962,-1.334038257598877,-0.5191932320594788,-0.6706246137619019,-0.7884045839309692,-0.9302212595939636,SCISSORS
0.0,-0.20593656599521637,-0.2938362956047058,-0.321461945772171,-0.2586764097213745,-0.10799112170934677,-0.1657538115978241,-0.17077666521072388,0.0326484777033329,0.030137058347463608,-0.1933794468641281,-0.23356220126152039,-0.23858503997325897,-0.2260279357433319,-0.04018274322152138,0.007534264586865902,0.017579950392246246,0.1933794468641281,0.14817386865615845,0.1331053376197815,0.13812817633152008,0.0,-0.266210675239563,-0.657992422580719,-1.2305965423583984,-0.9769429564476013,-1.2029708623886108,-1.378770351409912,-1.582195520401001,-0.8262576460838318,-0.9995457530021667,-0.9995457530021667,-1.3109619617462158,-1.4641586542129517,-1.4817386865615845,-0.87648606300354,-1.1326510906219482,-1.3134734630584717,-0.517352819442749,-0.6529695987701416,-0.7609606981277466,-0.9016003012657166,SCISSORS
0.0,-0.23509736359119415,-0.3398689925670624,-0.36286765336990356,-0.2964271008968353,-0.12521488964557648,-0.17887842655181885,-0.1839892417192459,0.053663525730371475,0.040886495262384415,-0.24276357889175415,-0.2938717007637024,-0.3040933310985565,-0.28109467029571533,-0.06132974475622177,0.015332436189055443,0.02299865521490574,0.22743113338947296,0.1839892417192459,0.16865679621696472,0.17632301151752472,0.0,-0.2759838402271271,-0.6746271848678589,-1.2700368165969849,-0.9940529465675354,-1.2189286947250366,-1.382474660873413,-1.5766855478286743,-0.7972866892814636,-0.9991637468338013,-1.0068299770355225,-1.321144938468933,-1.4668030738830566,-1.5153558254241943,-0.8790596723556519,-1.1192678213119507,-1.295590877532959,-0.5059704184532166,-0.638851523399353,-0.7436231374740601,-0.8790596723556519,SCISSORS
0.0,-0.24188685417175293,-0.3805293142795563,-0.4159274101257324,-0.3805293142795563,-0.16519102454185486,-0.2153383046388626,-0.24188685417175293,0.032448235899209976,0.0029498396907001734,-0.2861344516277313,-0.3628302812576294,-0.4011782109737396,-0.3805293142795563,-0.1002945527434349,-0.047197435051202774,-0.06489647179841995,0.22123798727989197,0.1887897402048111,0.13864247500896454,0.12094342708587646,0.0,-0.2477865368127823,-0.6106168031692505,-1.1297886371612549,-0.8820021152496338,-1.2035346031188965,-1.2654812335968018,-1.3952741622924805,-0.7728580236434937,-0.9999957084655762,-0.9557480812072754,-1.241882562637329,-1.3185783624649048,-1.3982239961624146,-0.8613532185554504,-1.0235943794250488,-1.1445378065109253,-0.5575197339057922,-0.6696135997772217,-0.7138612270355225,-0.8053062558174133,SCISSORS
